company_id,lat,lng
33143,25.7303942,-80.236066
26625,25.7752306,-80.1783085
18703,25.7769431,-80.3703976
2130282,26.085871,-80.3696058
1650173,26.1227754,-80.143137
6959,26.2039173,-80.1539354
27160,26.4197491,-80.0960051
12407,26.8596034,-80.0593728
27403,27.1917645,-80.2516853
26544,27.3837107,-82.4317818
14355,28.0907781,-80.6385483
8697,28.418282,-81.4250584
2300956,29.1978199,-81.0842615
32237,29.5860851,-98.6054062
30468,29.6159513,-98.4589557
22899,29.7306593,-95.431783
5599,29.7321329,-95.4354433
5272,29.7327747,-95.4325967
946406,29.7403262,-95.4731118
1813482,29.740913,-95.5609075
1714749,29.742627,-95.5592896
2307,29.744689,-95.4616265
27242,29.749034,-95.473152
8304,29.7546993,-95.48327
33114,29.7557923,-95.3639415
6271,29.7571169,-95.3679888
10762,29.7575783,-95.3688473
1687673,29.7578446,-95.3673942
10844,29.7588117,-95.3706871
29837,29.7589177,-95.6201065
6592,29.7601109,-95.365608
24355,29.7827834,-95.6184554
1795035,29.7845869,-95.7896594
14212,29.937706,-95.3404606
22312,29.9948551,-95.5812153
30483,30.1242079,-95.4436303
2138,30.1604921,-95.4540554
1912843,30.1604921,-95.4540554
2932362,30.2508065,-97.861761
6382,30.3184009,-81.6762696
8383,30.3245211,-81.6640579
2519758,30.4883856,-97.6704209
10267,31.759098,-106.4854862
1895607,31.9988675,-102.0806785
538004,31.9998809,-102.0809697
9938,32.4394936,-90.1491781
1017,32.4672389,-84.9637973
30993,32.4749904,-84.9924032
6353,32.5895496,-92.0669497
27588,32.7099151,-117.1576582
9582,32.7608129,-97.090469
17913,32.7766642,-96.7969879
27163,32.7795597,-96.7988939
2607907,32.7816486,-96.796842
14955,32.7944197,-96.8080977
820219,32.8614286,-96.8070119
2364266,32.867051,-96.7690409
1889915,32.8703348,-96.7693915
15581,32.8708716,-117.1990312
55772,32.8711019,-96.9434437
28696,32.8715736,-96.760749
11430,32.8900057,-96.9499086
25529,32.8954289,-117.1959779
2655941,32.8984571,-96.9641197
373917,32.9070685,-117.1859372
30509,32.9110152,-96.7523904
2344669,32.9233133,-96.8172642
25864,32.9375327,-117.2366546
7852,32.9390113,-96.8226646
2534641,33.336607,-111.897189
15462,33.4513733,-117.602684
12493,33.4517282,-112.073067
32979,33.482953,-86.704047
660184,33.483098,-86.705593
29256,33.5170845,-112.0504781
2232357,33.6172584,-111.9050735
82918,33.6183291,-117.8724881
122367,33.6506498,-117.7517227
26097,33.654396,-111.9301716
14483,33.6841151,-117.8526637
10156,33.6984047,-117.8517225
1645838,33.7019896,-117.8601399
8946,33.7489954,-84.3879824
7204,33.7542763,-84.3818443
29586,33.7627649,-84.3864991
28665,33.764322,-84.3882896
10896,33.7966512,-84.3884949
2129,33.797492,-84.3895717
25407,33.8476821,-84.3681861
14982,33.8488985,-84.432564
13417,33.8517433,-84.3675947
493545,33.8528357,-84.3640196
1961459,33.8784793,-84.4538673
14301,33.8866879,-117.5132312
1070384,33.9081754,-84.4362621
815224,33.9093776,-84.4311343
13020,33.9190712,-118.3952696
32137,33.9431979,-84.3602082
2625560,34.0163303,-118.4535089
725,34.0196137,-118.4525618
1966849,34.0497525,-118.4593418
10130,34.0539466,-118.0808098
3010375,34.0551746,-118.4132525
2163304,34.086981,-84.272542
23131,34.138352,-118.7061768
1354,34.1460377,-118.1419666
33048,34.1568097,-118.3250894
3210,34.1570641,-118.2563626
25380,34.1664274,-118.2955073
2068,34.192136,-118.919477
30261,34.1974847,-118.9054586
2527967,34.2814477,-119.2913175
8867,34.4287369,-119.8629881
480535,34.8798997,-83.9578058
11664,35.10565,-89.8583139
233,35.1439702,-90.0509598
867887,35.2240674,-80.8485596
15029,35.2256085,-80.8457662
4504,35.2273417,-80.8419168
22981,35.4707055,-97.5180825
6608,35.5346475,-97.5289018
19193,35.541958,-80.8539024
25895,35.7753406,-78.6379293
8220,35.8994783,-78.8423838
3718,36.0956772,-80.245157
1796209,36.1165658,-115.1752403
32574,36.1221552,-79.7989009
603630,36.1229174,-115.1685253
136226,36.1271069,-115.1648303
23165,36.1505651,-95.9916855
1692837,36.1536774,-86.8138175
1655179,36.1549585,-95.9905196
33512,36.1549585,-95.9905196
2524562,36.1626255,-86.7762776
12897,36.1929452,-86.6881325
1605214,36.3090261,-86.699065
33046,36.3652654,-94.2176381
9474,36.7681471,-76.2426183
22412,36.8456104,-76.2885781
23350,37.2076592,-93.2492485
93427,37.2593139,-121.9619835
9989,37.2951452,-121.9261113
1060,37.3248865,-121.9989378
808,37.3303074,-121.8941558
2355,37.3327177,-122.0053293
22806,37.37035,-121.9672107
16627,37.372939,-122.003967
1830138,37.3759167,-121.9626911
2308850,37.3768507,-121.9227332
2382,37.3776247,-121.9787818
881,37.3829254,-121.9703842
817439,37.3861354,-121.9003283
2924705,37.3865645,-122.0841761
16239,37.3875909,-121.9637869
1650150,37.3948376,-122.1503889
5480,37.3960629,-121.9195328
29774,37.397614,-122.0539239
6908,37.4083615,-121.9541545
14722,37.4120244,-122.1483485
116351,37.4215785,-122.0837816
16626,37.4306146,-122.0960646
1820060,37.482495,-122.147995
18384,37.488472,-121.9574428
1988598,37.5109,-122.306596
10364,37.5232799,-122.2541417
10899,37.527412,-122.26131
23295,37.5307052,-122.26242
9491,37.5339758,-77.4517422
2804837,37.5404051,-122.2989933
13273,37.5670009,-122.281649
24343,37.6006628,-77.5167315
19677,37.6615941,-77.576847
1995404,37.6901555,-121.8953044
7836,37.6977513,-121.9232221
1895620,37.6984925,-121.9266266
26560,37.7103486,-121.8900734
2740583,37.74782,-97.4269314
6627,37.7582505,-121.9580965
2937637,37.7704274,-122.3887624
3030432,37.775316,-122.4174374
2006706,37.7768337,-122.4163755
2634043,37.7875293,-122.4046321
69444,37.7897442,-122.3972337
27292,37.7905969,-122.3927897
937594,37.7932577,-122.3944272
33264,37.7933827,-122.4026176
641924,37.79539,-122.396107
1710,37.7980305,-122.394973
7089,37.8034631,-122.272345
3118,38.0054016,-122.530873
77014,38.1981365,-85.695749
5210,38.244955,-85.7837243
15207,38.2563673,-85.7585738
1976,38.6224792,-90.2093732
6261,38.6496633,-90.3343387
25995,38.661306,-90.56653
21032,38.6711242,-90.4005333
11414,38.7182901,-90.3106186
22521,38.8677505,-77.2159054
12984,38.8690333,-77.2150053
3169,38.8787988,-77.1106409
8663,38.9017929,-77.0493245
8021,38.9041034,-77.0311069
637487,38.9156634,-94.6587588
1961442,38.9221379,-94.6289745
5734,38.9245733,-77.2135063
2022926,38.9280922,-77.2151232
2660908,38.9576016,-77.3601845
1024834,38.982518,-119.943165
19706,39.0247171,-77.1382699
19048,39.03099,-77.138944
11649,39.0611389,-77.1271556
25150,39.1032195,-84.5052772
6375,39.1498641,-94.5459231
6834,39.1921521,-76.6999634
8426,39.2036161,-85.9228525
1807831,39.2863215,-84.3205009
25020,39.2871714,-76.6128397
24265,39.2871831,-76.6083641
6863,39.3077776,-84.5207443
6877,39.3411816,-84.282986
19939,39.4925584,-76.652849
1924862,39.5531852,-104.8457211
22069,39.6006238,-104.8923492
26634,39.7521134,-105.0000873
2696655,39.7554433,-75.6051393
18888,39.7559112,-86.1530808
2273,39.7633921,-86.1512792
28041,39.7668367,-86.1623174
1966,39.9487969,-75.1307896
7387,39.9549688,-75.168451
15235,39.9610405,-83.0007547
2911460,39.9621155,-75.1640533
29127,39.9640947,-82.9868629
1809,39.9650383,-83.0064261
1612965,39.9769307,-86.1607893
32774,40.0446615,-75.5280656
9513,40.061418,-76.5487328
31865,40.078207,-75.36959
103377,40.0885655,-75.4070669
461561,40.2226805,-74.8833999
21017,40.2355799,-74.2721248
2006042,40.3515257,-75.9703256
33000,40.3943886,-79.8094533
2302079,40.4398325,-80.0034907
24887,40.4398325,-80.0034907
24669,40.4399686,-80.0002473
17478,40.4979518,-74.4430559
2129696,40.5278363,-74.5475443
1173,40.5525025,-75.5987118
101407,40.6181541,-111.9151897
27219,40.6774305,-74.2723554
19953,40.7033782,-74.009675
1684303,40.7040662,-74.0111456
1856,40.7063657,-74.0051548
2063087,40.7087357,-74.0081164
6177,40.7090186,-74.3452692
42640,40.7098327,-74.0107394
2354612,40.7120622,-74.0151608
21071,40.7134166,-74.0119311
1041062,40.7134166,-74.0119311
1815,40.7138829,-74.0146871
945834,40.7142261,-74.011977
13564,40.7148544,-74.0144968
6930,40.7206782,-74.0111516
1586724,40.7277213,-74.0349363
7705,40.7341443,-73.9883294
25332,40.7369358,-74.1720252
25378,40.7370367,-74.1680642
5118,40.740191,-73.974859
422451,40.7410521,-73.9952147
24296,40.7503024,-73.9726573
1060044,40.7518892,-73.9782982
33915,40.752707,-73.9740497
20426,40.7533488,-73.9766668
469152,40.7542087,-73.9735521
1714195,40.7545475,-73.9745088
32507,40.7547674,-73.9849149
17528,40.7554702,-73.9766645
2300004,40.756039,-73.9741415
19713,40.7568582,-73.9820448
7293,40.7570209,-73.9746695
3018035,40.7572802,-73.9829159
23113,40.7573533,-73.9752435
55498,40.7579332,-73.9722189
1739067,40.7579754,-73.9823192
22082,40.7586113,-73.9822089
2245,40.7586113,-73.9822089
4584,40.7592391,-73.9735483
3058459,40.7592825,-73.9719906
21105,40.7600547,-73.9855324
28130,40.7604692,-73.9788795
2815062,40.7604692,-73.9788795
6098,40.7611804,-73.9788194
2894562,40.7629384,-73.978958
11074,40.7636433,-73.9726971
2296,40.7685068,-73.9831349
16530,40.7698438,-73.9895306
2592200,40.7824143,-74.4260905
3101,40.8155809,-74.31007
28325,40.8465718,-81.760753
1929138,40.8470715,-74.4447772
7256,40.8732679,-74.0060059
3903,41.017009,-74.2106872
483173,41.0208168,-73.7096826
24151,41.0344724,-73.6928681
1899665,41.0359703,-83.6478935
1710040,41.0360917,-83.6494426
1661731,41.0504634,-73.5388563
25954,41.0785443,-73.8234767
11964,41.083384,-81.5183258
25022,41.0930242,-73.4539645
2129744,41.0973183,-73.5617133
16506,41.1095709,-73.7228708
33850,41.1502558,-73.4263023
27549,41.1521343,-74.7445325
34134,41.2394428,-85.8543015
4080,41.2571596,-95.965497
2379226,41.2579459,-73.0015077
31786,41.259172,-95.93518
2048,41.2599735,-96.0834689
1951118,41.377271,-73.4715071
3424,41.4184432,-74.4242946
24905,41.4239186,-73.4105965
2100,41.4607747,-72.8330564
8886,41.476481,-90.424668
27786,41.4972774,-81.6924983
818089,41.5051402,-81.6895305
23834,41.5065902,-81.4611707
25199,41.5359019,-81.4510402
33221,41.553798,-73.0407194
14484,41.6565317,-83.6459718
32161,41.7084472,-72.8032238
6935,41.7482803,-77.3017561
989,41.7678126,-72.6909539
14372,41.7699716,-72.6869713
6837,41.8128862,-72.7469102
30529,41.8249048,-71.4092955
9555,41.8333116,-88.0076416
31575,41.8788792,-87.6358363
12886,41.8788792,-87.6358363
2300046,41.8789685,-87.6415453
21174,41.8808419,-87.6407695
268946,41.8812552,-87.6372287
11376,41.8815149,-87.6297872
376777,41.8834388,-87.6285096
19944,41.8834871,-87.6535395
4730,41.8838466,-87.6387642
14399,41.8841197,-71.3532113
10928,41.8853017,-87.6385569
2490,41.886474,-87.6306216
32450,41.8889439,-87.6304685
18993,41.9864821,-87.8452295
8468,41.9910645,-71.476792
26467,42.0303091,-91.6480653
12761,42.0504323,-87.9692582
15580,42.0580019,-87.8041073
1534,42.1009833,-87.8704727
33367,42.1235455,-72.7479049
33026,42.1555253,-87.8688618
6052,42.1557734,-87.8407778
78171,42.1564396,-87.8883214
3684,42.1593374,-87.8793282
18164,42.1637696,-87.879201
1961452,42.1973796,-87.8886482
6535,42.2016295,-71.1553419
2145,42.21113,-71.18134
2411,42.2349115,-88.3006549
23635,42.2412537,-87.8891281
29405,42.2428207,-85.5553397
428,42.3021137,-87.8915621
1921326,42.3021242,-87.8915726
30801,42.3107584,-71.3823478
12262,42.3145851,-83.2101173
17777,42.3208655,-85.1863367
14967,42.3249512,-71.5832443
1673114,42.3283747,-83.0407923
1954,42.3465172,-71.0797918
1355,42.3510789,-71.0444781
12986,42.3518045,-71.0478268
29131,42.3525825,-71.0581075
32537,42.3534302,-71.0462
1698619,42.3560074,-71.056796
27603,42.3578929,-71.1842589
1673122,42.3585849,-71.0549882
4865,42.3611381,-71.5614533
117536,42.3652128,-71.081997
440155,42.3662897,-71.0857637
2714663,42.3701391,-71.0762867
26081,42.3702822,-71.2160251
30616,42.3929224,-71.2615943
25815,42.4057975,-71.282688
1667608,42.4141828,-83.4193702
1603228,42.452623,-83.2791994
1057037,42.4817587,-71.2211466
2000830,42.4958417,-71.1934016
19327,42.8837738,-78.8742684
7753,43.029708,-77.435198
11985,43.0334751,-88.1407635
33607,43.0371135,-87.9137137
23945,43.1250668,-77.4923887
20589,43.5300934,-116.1494251
3016790,43.6123553,-84.1874157
15486,43.6615036,-70.3735631
15070,43.6824203,-92.9684034
2558653,43.6893284,-116.3561966
22486,44.0904437,-70.2142482
4118,44.8645052,-93.305217
32107,44.8973859,-93.4032532
10036,44.946551,-93.0977331
20777,44.9581946,-93.0024097
29978,44.973783,-93.275917
31946,44.9755792,-93.2738797
24515,44.9755792,-93.2738797
13034,44.9788759,-93.3947841
33830,44.9795593,-93.2705093
22209,45.5077764,-122.8281466
24789,45.5162534,-122.674865
1273,47.4292312,-122.2931934
8022,47.5485708,-122.0506521
888529,47.5766937,-122.1671315
29093,47.5810087,-122.3357381
33418,47.6004408,-122.332628
23563,47.6166617,-122.1997588
1703,47.6221942,-122.3365534
20601,47.6423318,-122.1369302
1953153,47.6474181,-122.3380621
24837,47.6561642,-117.4215296
2066810,47.7634842,-122.1813697
27435,47.8001502,-122.1927838
2482889,47.9348825,-122.26492
3154,35.1420009,-90.0561333
3439,39.9117473,-105.0996988
115362,32.8614286,-96.8070119
33857,37.2529087,-121.9363016
5867,25.8072615,-80.3357092
19966,32.8976055,-96.9722025
1667126,29.7561692,-95.362429
22660,42.1526871,-72.547708
1677118,33.9731121,-84.2242981
32498,38.9567242,-77.3623212
31563,36.1556481,-94.1545321
14714,40.2868944,-76.6488108
9693,42.3312401,-83.0539923
29065,41.6936214,-72.8078946
20566,33.3043905,-111.8821676
17984,37.4207877,-121.924156
2364234,37.775316,-122.4174374
7915,42.1453767,-77.0558823
3039776,39.7554433,-75.6051393
10750,29.9489612,-90.0768302
11060,37.5451045,-122.2908192
24506,32.8703634,-96.9395894
24890,40.6108129,-75.4800112
1874468,37.3836462,-121.9826432
770141,47.6133892,-122.1970996
29816,37.3944645,-122.0504999
4863,42.3473912,-71.0820284
22509,41.8815778,-87.6325827
18284,40.7493238,-73.9759092
324,39.1022847,-84.5119662
32019,40.7455869,-74.0076567
2058,40.0619112,-75.4635121
33382,37.2455392,-121.7933375
26113,32.8257199,-117.1335528
26468,43.0185622,-87.9135988
7569,40.7601625,-73.9747832
2358912,37.4146379,-122.145929
18195,39.1067459,-84.5138214
1970,40.7579754,-73.9823192
6779,40.2868977,-74.7870701
2163313,38.478888,-122.709223
2073894,37.4118561,-121.9763085
15783,39.7625852,-75.5535578
2257,40.2718234,-80.166319
2163871,39.5531852,-104.8457211
2043,40.0686697,-75.4683256
667645,44.9750925,-93.2689261
11608,44.0629544,-91.6877625
20478,40.1439863,-82.9690578
14568,26.0248413,-80.1688478
17862,41.50144,-81.6941499
6083,34.0516069,-118.2536324
30265,40.0771684,-75.4176235
423340,37.4020858,-122.1446169
1813585,37.7827679,-122.3913735
7147,42.2466617,-84.4022463
2150201,41.8274346,-71.4107334
2477574,37.7879235,-122.3915621
18319,36.0931722,-79.4373797
24561,29.7573187,-95.3719137
1384,37.3903189,-121.9354487
944253,29.7601109,-95.365608
16569,35.1014608,-89.8502899
600874,40.6335533,-111.8132148
1676104,37.7921412,-122.3990296
33136,42.136791,-71.4813247
22688,35.1587199,-80.8348811
19739,35.8201608,-78.6901288
13725,42.2363993,-87.911161
1912,40.7635843,-73.9723967
1201609,38.9946766,-77.0279929
20519,36.1125269,-115.175947
25087,41.588566,-93.62759
814633,34.0742157,-118.3985559
11340,43.0591858,-89.4742915
2824528,39.0996496,-94.5837642
19065,40.7644359,-73.9701995
107377,37.640308,-77.6706647
20625,35.0976248,-89.83609
29924,40.7563624,-73.9839997
32988,40.7595931,-73.9782143
12463,37.543695,-122.293687
3015455,37.7765973,-122.3919488
465379,41.6800625,-88.1062547
550049,33.5180597,-86.8089142
1221,42.3644243,-71.0890504
602305,28.0328625,-82.5488318
257912,36.1549585,-95.9905196
934640,40.7620332,-73.6906851
7619,41.8884096,-87.6354498
19863,37.4054899,-121.9499774
5620,39.9394842,-75.1079245
1652845,40.7637696,-73.975023
32094,39.5548883,-105.0092628
1606380,37.375771,-122.0107525
2644506,37.789152,-122.3976135
2021732,32.8280655,-97.0507139
1990085,40.0925917,-74.8076866
1647824,41.8764788,-87.6321341
23040,35.90898,-80.0587312
21903,37.4149198,-122.0095977
1731107,41.0501365,-73.6880785
4354,37.9702453,-122.5257479
25578,40.7878337,-74.0449298
13110,33.911495,-84.456383
7150,41.8845895,-87.6356354
5811,40.1090076,-83.1210856
2061294,35.6117324,-97.6486131
2963,32.922216,-96.8181014
4078,41.0187265,-73.6222537
15484,42.244467,-87.8932484
551122,40.7554333,-74.0018339
2671876,40.7472426,-73.9444418
1573,42.4993304,-71.1645583
11401,47.605838,-122.334683
22812,38.9526486,-77.3499306
31088,36.0324501,-86.8130118
660090,38.9590456,-77.3592826
9730,39.9288905,-86.1469152
1476,43.1512115,-89.2958529
32928,40.7652747,-73.9807922
15093,39.0277524,-77.1403372
1967181,29.740913,-95.5609075
17690,39.0996289,-94.589712
13003,42.3299803,-83.0451883
29508,42.4898542,-83.2990083
19758,42.4154172,-83.4255817
1636378,41.8647955,-72.6644688
916730,30.3184009,-81.6762696
6438,44.8208431,-93.4606427
17251,32.7847481,-96.7973379
12862,41.0304821,-73.5503025
2707533,37.2604013,-121.9621307
3415,29.9684685,-95.3650862
259357,35.4674639,-97.5141062
9023,35.0607938,-80.8458228
19596,41.8824427,-87.6394681
11485,41.1467171,-73.4270264
27981,37.4042585,-121.982235
22260,41.4614637,-87.3254497
12164,39.9520852,-75.1839951
34075,42.187545,-87.933509
26519,33.8161635,-84.3671841
25951,30.3258498,-81.6588228
14668,36.9117108,-93.943517
1413,40.7541266,-73.9872574
1319,40.7597331,-73.9729522
787214,40.7575262,-73.9861364
31650,26.0969179,-80.3843933
665753,42.1622763,-87.8805781
1925428,25.7916996,-80.3203532
24493,33.4524822,-112.0679337
15223,36.2455249,-94.1477949
7847,39.7475235,-104.9898868
2614,40.019125,-105.250666
25808,27.8925726,-82.6702701
30723,40.7626931,-73.9739144
2811194,37.7903878,-122.3922586
2923866,37.500696,-122.2181572
18705,32.9817034,-96.7602875
1796199,40.2227953,-74.9058054
10960,42.130601,-80.083889
11499,37.3685081,-121.9186616
18908,40.0430349,-75.3658121
979,38.879629,-77.1126498
33314,40.061479,-75.6805357
5204,29.2079416,-81.0217059
31620,40.0885655,-75.4070669
2918725,39.8223751,-85.7729185
31558,33.0657811,-96.8022754
9103,35.4669418,-97.5177018
3218,42.364292,-71.0792115
95856,35.8489258,-78.5921791
2771146,40.7607986,-73.9717622
1672856,38.9223346,-77.2323425
32375,37.4170321,-122.1428778
11117,40.7567252,-73.9896231
2022894,39.9521671,-75.1584143
3033152,40.0480982,-75.3554186
7401,32.7815695,-96.7964548
17053,33.1418497,-117.2520877
7584,38.9235896,-77.2204864
4311,38.023058,-122.279823
31326,37.384933,-122.0055115
1722356,33.5085561,-112.0317082
24338,40.0202242,-75.3163591
24183,42.4047616,-71.2742976
30937,33.1717418,-96.7284935
90132,42.318938,-83.6812822
14669,40.7677851,-73.4175607
33437,42.1507583,-86.4419435
2287416,30.3184009,-81.6762696
2037422,32.7819269,-96.798179
31857,40.2843133,-74.7959681
32144,41.0443102,-73.5486083
1927870,42.3623876,-71.1637432
22626,40.3195041,-74.6554825
8183,42.4999782,-83.2971696
840164,39.6247213,-104.9045807
1694757,36.9880862,-76.4371019
30437,42.5561214,-71.1350329
23092,39.5000623,-76.6659415
1695757,40.7637696,-73.975023
26668,41.1423077,-81.864479
3027499,33.9169885,-118.4149374
1066214,38.9844536,-77.0959962
2538518,37.5534897,-122.2995235
27663,29.7606136,-95.3868592
1828871,40.4424701,-80.0009554
2167675,33.6405583,-111.9016663
2068309,37.7814619,-122.4104021
20964,34.4724813,-84.9434654
892481,37.6231566,-97.2848444
11239,38.9284078,-94.6268765
2204149,36.0763408,-79.9651702
28335,42.556708,-87.843003
1649258,42.5078187,-71.2456988
11468,47.6224109,-122.3638301
650003,40.7545475,-73.9745088
16427,40.7583293,-73.9679887
18819,40.0778819,-75.4139416
21553,29.6916115,-95.5545889
22404,41.4684974,-81.939519
488202,29.7376123,-95.4601709
1943229,40.8526107,-74.4161052
4839,42.6458403,-83.2108611
5465,29.7776626,-95.5426161
17915,40.7357692,-73.6811323
30955,44.8572504,-93.2871696
1451,33.0809403,-96.8236276
5852,33.6355592,-111.9268181
5320,41.0313991,-73.7735956
2310022,41.190035,-73.432494
17908,34.0316641,-118.4554446
2079931,35.1411338,-90.0520541
1792728,37.5594762,-122.2718526
1729162,40.751491,-73.9735965
1477,39.0122815,-77.431469
2310,39.6333956,-104.8984695
27358,30.4416472,-90.0873601
20600,33.5860623,-117.733374
10024,39.5457044,-104.8561335
550072,40.708227,-74.0090809
2810622,44.8544651,-93.2246647
2300967,33.4841866,-112.070226
1969498,34.1455631,-118.7877523
19084,37.5385288,-122.0616084
2035861,32.8082576,-96.805697
1925418,32.7940761,-96.8063384
1874195,39.9512937,-75.1526227
15173,41.296005,-73.0808096
7358,45.5295092,-122.8248278
2763957,33.9360529,-84.3616362
2638015,33.67127,-117.8408437
12274,41.50144,-81.6941499
1714415,42.207401,-71.1300247
1586322,41.0178496,-73.647521
733497,40.755916,-73.9784785
26008,34.0522461,-118.2514474
2166082,39.9541627,-75.1737313
6573,39.1016183,-84.5083716
28228,40.7527814,-73.9759322
1025988,30.1604921,-95.4540554
602424,30.307522,-97.9363884
28304,43.149703,-88.046171
13057,41.0777331,-73.470962
5971,41.6951763,-93.5715256
2317628,42.94973,-70.861348
32214,39.9253372,-105.115069
7422,28.5370565,-81.379337
32067,29.7493564,-95.4715705
8783,39.7535072,-105.00415
481,42.5769634,-70.9169998
9940,36.5354128,-82.5508778
1822,39.0997439,-84.5072255
27515,40.1414246,-75.4473028
2302775,33.9343834,-84.3544514
97122,43.6603544,-70.2472189
17012,42.3560074,-71.056796
21929,32.949844,-117.237481
2125688,42.364292,-71.0792115
862492,42.523724,-71.422163
1698809,29.6159513,-98.4589557
2463669,41.988686,-87.8577719
8542,37.4103081,-121.9505551
17580,37.4074689,-122.0293159
2155226,42.3697647,-71.0773545
1676064,29.7592922,-95.3663131
18060,43.121978,-88.12319
423374,33.7665116,-118.2006675
1962516,40.7586113,-73.9822089
786736,39.275091,-76.5913832
480061,33.662523,-117.7569451
2157621,40.0187049,-105.254867
1958357,40.7482436,-73.9851073
2408287,42.1993276,-87.8855811
13715,44.9970428,-93.2686715
1713327,47.6074856,-122.3382418
34139,40.7343034,-111.8910781
550358,45.0154081,-93.4546338
2793558,37.4159574,-121.9479801
33357,39.0480472,-95.6744743
1726944,42.1561165,-87.8426199
463860,41.8823062,-87.6403882
917238,34.0160875,-118.4994019
7251,42.293228,-71.3609553
23786,42.3510789,-71.0444781
30123,44.9958046,-93.2291042
2153633,42.3471179,-71.0783565
1794428,38.616533,-90.3349107
1615625,40.4118839,-104.8547872
23134,33.4625944,-111.972991
10644,33.5204212,-86.8073488
2130273,41.0519832,-73.5340668
3046780,37.7885306,-122.3967284
14728,41.0518308,-73.5342297
44349,41.8852827,-87.6215123
1813890,37.4006086,-122.0321579
1974,39.4633025,-119.7888796
1949535,40.754455,-73.9760113
13822,39.0996496,-94.5837642
23052,41.8870731,-87.6242091
27418,35.1985704,-80.9186135
18385,30.4255441,-91.1347773
14181,42.2152202,-71.0432767
13104,42.8229727,-86.012458
947073,42.695394,-83.276982
2061984,32.9826089,-97.1608815
1287,35.1541329,-80.8378654
33666,40.5867269,-105.0588454
2166779,35.8352738,-78.6883361
12977,39.5531852,-104.8457211
14805,41.8849569,-87.6230524
16949,42.081183,-71.8811303
24356,40.749138,-73.9825933
22048,40.7386626,-74.0277255
26429,37.4219437,-122.2151303
6495,42.611038,-71.1588252
897123,33.4377065,-111.9443776
1953126,40.7629384,-73.978958
2236759,40.7005824,-73.9881456
1959389,42.365026,-71.079815
646010,40.042862,-75.520497
1013530,41.186416,-73.1807764
5218,42.5269413,-71.2659832
12112,45.3197788,-122.7646278
16217,37.2571622,-121.7863722
2827524,47.5980919,-122.3309701
18739,40.7601625,-73.9747832
1024217,39.7453542,-104.9893563
2023430,29.7601109,-95.365608
2656398,43.0318903,-87.90865
9503,44.8341441,-93.2971164
580845,47.6474686,-122.2001704
2928084,37.7850997,-122.3988083
31898,35.0504844,-85.3068744
20636,42.0643919,-88.2480957
7431,39.1021449,-94.5825038
9926,34.1486799,-118.1416632
27511,41.0992549,-73.7197724
23506,41.6461679,-83.5342454
2715202,40.7620853,-73.9846163
1261531,33.510617,-112.1154032
824021,39.7434244,-104.9886301
11375,37.7263128,-122.243675
14523,33.477506,-86.704251
1677470,33.6677851,-112.1034337
1657354,32.9798905,-96.7120001
3049972,41.8450543,-87.9034975
2244475,40.4424701,-80.0009554
27355,40.2118364,-83.3093051
3064363,42.4182896,-71.2586514
29158,41.041105,-85.23743
10744,42.5498398,-71.2836742
2059211,41.8829364,-87.6314575
32039,41.8796156,-87.641389
7173,40.7536874,-74.0019162
12818,37.7855505,-122.3967177
28581,34.3814307,-80.0666708
12153,32.8712244,-96.9387775
3049405,47.6334836,-122.3262804
1893368,37.9789909,-87.5726435
32419,37.9715282,-87.5766836
2621,39.5814924,-104.8822226
1671577,32.9293881,-96.8186378
6579,42.3291043,-83.0502304
10771,39.1028866,-94.5816237
2055400,42.0454065,-88.043568
2154420,42.0631218,-88.1280711
1652246,37.4156834,-79.1425943
82239,40.7508189,-73.9387435
750085,40.7276647,-74.0067845
27179,33.9352854,-81.0504524
2164733,35.8626593,-78.8284115
2575125,36.0967135,-86.8232108
24040,42.3658806,-71.0780218
2004281,40.7532886,-73.9754271
24706,45.057507,-93.5765367
29817,32.4668758,-84.9956294
632235,42.3633557,-71.1670387
2616,34.0646195,-84.1549726
1743287,37.7704781,-122.4040528
4753,36.1532731,-95.9899502
1744572,42.2978722,-71.2194469
21606,30.4083821,-97.7262444
1995402,37.9762522,-87.5787414
24303,37.7916858,-122.3956663
1823948,33.636376,-111.9242098
114467,34.0588788,-118.4171318
5472,38.883444,-77.118044
16204,40.3280772,-74.5849552
2009158,37.3884542,-121.972382
8414,29.4262536,-98.494108
22029,40.7389103,-73.584533
14337,43.0460968,-87.9599862
30511,32.782268,-96.7967576
19569,33.9059932,-84.4601722
2060731,35.4692984,-97.5170754
1806302,39.7801759,-86.236951
8446,35.5031582,-80.863162
2959246,42.3633316,-71.090694
9736,40.7425705,-74.3603052
882407,36.1888431,-80.2641032
18901,41.5884253,-81.5195262
2682267,38.9620431,-77.0874821
20003,46.8358387,-100.8126265
31835,41.8852827,-87.6215123
3994,44.1552327,-88.4768681
1044,34.0173639,-84.164369
14617,36.1412399,-95.9878774
8062,33.847189,-84.3685999
1649501,34.050936,-118.460026
15470,43.6187705,-116.2082
7905,41.8453955,-87.9052856
1520,42.2926471,-71.7830993
2338712,37.7280495,-122.2357861
23438,43.992517,-88.5441454
482471,37.379229,-121.9240666
30867,40.1746577,-75.1358396
2057483,37.7070212,-121.889969
1987466,42.3669008,-71.0788401
2345468,40.7505045,-73.9934387
3022454,37.7777551,-122.3969054
22034,40.756105,-73.9901921
33516,37.8058741,-122.4250473
6738,39.0857316,-77.1489833
18648,37.1774372,-94.3843215
2347403,37.6047262,-77.6439937
27190,42.4839887,-71.193183
9675,39.1003296,-94.5881586
1051317,41.4594491,-81.6397256
8113,41.0443102,-73.5486083
3059013,37.7895508,-122.4003129
18892,40.0512775,-82.8974814
2163792,39.752448,-105.0011122
733,33.7864313,-84.3837324
28702,36.12542,-115.2136515
12151,30.8110524,-83.9369204
25544,29.7370769,-95.4622183
464094,37.4970796,-121.9799896
2593891,38.9235896,-77.2204864
18817,39.5531852,-104.8457211
130,41.8838139,-87.6368092
19589,43.0492373,-87.9131006
19869,38.9492634,-77.3407942
17153,41.0339862,-73.7629097
32601,33.126769,-117.2669894
4621,39.0977292,-94.5823411
22406,47.6124423,-122.3364045
2040088,36.152135,-95.9893886
25339,34.1664274,-118.2955073
6783,38.2549205,-85.5807462
550009,37.5379107,-77.4443828
2597,40.0368051,-76.3719967
1989314,38.9560074,-77.3563771
2822267,40.84593,-74.4387317
20291,42.6876327,-71.2168443
31267,39.2114891,-78.1766608
14433,21.3081985,-157.8608441
4560,44.0178247,-103.2535426
10503,41.1494149,-73.426899
2161030,29.7872635,-95.6045377
27977,30.2648128,-97.7484564
551056,30.1596297,-95.4564633
5749,40.7579332,-73.9722189
9963,42.3564429,-71.0517885
11658,39.1033122,-84.5141082
626612,32.8592804,-96.9328782
1636678,33.9858166,-84.09776
946174,33.051307,-96.8278143
2727,39.7559562,-75.6423114
28713,42.9648461,-78.7125163
2070824,30.2658296,-97.744641
28188,33.8847376,-118.4099502
31287,40.1005222,-83.1043402
126122,33.4480512,-112.0731196
1626065,42.9620386,-88.3319019
25658,39.9523167,-75.1664857
2355566,37.3879124,-122.0831253
14793,35.818927,-78.6069251
2301052,41.0260336,-73.7196625
25277,29.7463228,-95.4514073
13714,39.1903151,-76.903156
1953393,40.7507673,-73.9793811
17965,29.767155,-95.397692
27400,39.0081864,-94.6908213
19778,25.7638876,-80.2567011
59,35.8391729,-78.6410706
24726,40.7639879,-73.9713457
17238,27.8687571,-82.6484117
1431,46.7860464,-92.098798
20517,43.043124,-87.90918
1648073,43.1056829,-89.5182269
19369,34.0198125,-118.4985762
2797305,37.7809636,-122.3927224
803,30.0497309,-95.2499557
33423,38.8928495,-77.0129944
1741489,36.1549585,-95.9905196
2055815,30.4632616,-97.7930389
1742,30.4157875,-91.0549326
1698818,34.0581895,-118.4146216
12240,40.7526019,-73.9951169
3143,26.1200646,-80.1441231
2314855,37.4338871,-121.9215775
50,32.7513958,-97.3445636
17230,34.1010528,-118.3409535
1648593,32.7653114,-97.0511046
86176,39.743642,-104.9854807
14507,36.140848,-86.8187433
3248,33.4274752,-111.9800088
398,33.8865976,-84.4612813
2241578,42.3622015,-71.1014325
18410,40.1469452,-82.9418371
2885437,37.535189,-122.2572798
7045,42.1603973,-70.8839929
113,32.4528753,-99.7331525
466388,32.8653127,-79.9093486
1106041,25.7035838,-80.2945827
564256,32.7919671,-96.7951263
2651424,33.8947569,-84.4846567
18435,30.255065,-81.4628323
1103859,35.0601617,-80.8600057
2129703,40.4806513,-111.8916329
29200,42.2716848,-87.9023784
2922730,35.1411338,-90.0520541
2653398,39.752448,-105.0011122
245286,37.6077619,-77.531933
2534587,37.367648,-121.9181103
24487,36.160032,-86.7743931
30482,34.1506329,-118.0781576
1889928,32.7931508,-96.8080553
26342,40.7974496,-89.6114058
18343,38.6256588,-90.1929457
20887,42.6888361,-71.2114348
21989,40.2098327,-74.1282168
858089,28.4160293,-81.4633968
105052,32.9361294,-117.2350009
73,34.0674823,-118.406589
6910,40.7543961,-73.9817833
2175210,41.8914211,-87.6273487
2463413,33.9346362,-84.3598557
21593,42.9625847,-78.7145406
2610397,38.0155587,-84.4182103
6097,36.226892,-86.3156897
1829403,42.4076226,-71.2741501
15148,41.8851781,-87.6390591
15086,42.3578929,-71.1842589
421366,38.0982867,-84.4941134
1025142,29.5960534,-95.6215642
1672643,33.6763347,-117.8517021
2057821,40.7518684,-73.9755536
25310,41.1158261,-74.1054599
20749,40.6761653,-80.088267
19820,33.920575,-118.3914183
12593,38.8968172,-77.0274317
2307483,40.323533,-76.78213
2822268,38.883978,-77.458285
5227,42.2421982,-87.9039804
640918,41.466321,-73.1496222
2457210,32.8960433,-79.9737355
1812353,34.0529315,-118.2518765
2651922,33.4334183,-111.9672748
2689260,35.0551122,-80.8361354
1002,26.7066139,-80.0501742
28243,39.6839241,-75.6610839
603315,38.2270419,-85.6405367
2763913,26.395193,-80.1180325
1877439,40.1200255,-75.3980305
1051740,41.0311536,-73.6262083
5676,40.8713065,-74.1954627
2539638,40.4477654,-80.0011301
15383,30.2265088,-92.018978
1663616,39.7488698,-104.993925
29263,38.6296755,-90.1888688
29376,38.9592437,-77.4147025
2927408,37.6533984,-122.3990296
19904,41.8819347,-87.6475602
465654,37.7775216,-122.4157118
25377,35.082494,-106.6528481
2212398,39.9569826,-75.1974906
18471,38.9856706,-77.0948025
1732905,28.4167563,-81.4727225
32076,42.6025664,-83.2879437
21756,42.7400148,-84.5390101
30106,27.917127,-82.707835
1995392,29.7573187,-95.3719137
745486,30.194421,-92.002244
1590568,40.7573686,-73.9714981
1810090,37.4729388,-121.9352305
551199,39.4702926,-119.8096261
21710,33.7792561,-84.3895212
4527,34.7701306,-92.4599341
32080,38.3518438,-81.6366438
10606,29.7403262,-95.4731118
12170,40.4473917,-80.003534
2833928,42.2872382,-71.5770683
606143,32.8642196,-96.8101891
33592,41.9947978,-87.8695046
2811205,47.6175814,-122.2001491
11076,47.6150107,-122.1957478
2052587,32.7919671,-96.7951263
1042442,40.7601625,-73.9747832
2009665,32.9056896,-117.23004
33240,29.8100423,-95.4357711
2166858,37.7665832,-122.3877002
21599,35.8511449,-86.4235946
22537,43.490267,-96.7584338
4855,42.3442688,-71.0305676
660699,29.7532925,-95.3723074
2125675,40.7106592,-74.0155582
30004,33.6482983,-111.8984991
31677,45.5134826,-122.6755607
33722,41.0592289,-73.5097026
2243495,38.9206372,-94.6339778
9722,41.8789096,-87.63722
11410,37.4812387,-122.1738067
32166,38.9992599,-77.0275926
466212,32.9006994,-117.2174531
27970,41.0547226,-73.5380168
2503084,21.3078606,-157.8615893
17216,39.9314107,-75.0696929
29823,42.5639024,-83.1373414
2817,44.517726,-88.009331
18646,39.2825875,-76.6016034
13309,48.2199615,-114.3283108
2807644,41.4113643,-81.6621505
5464,41.7732806,-88.2239869
2176902,37.7913249,-122.3929712
1057035,38.9239566,-77.2228268
7262,37.404801,-121.9851671
13610,41.0592172,-81.4769863
16049,37.7704274,-122.3887624
31671,39.1014321,-94.5812889
21232,40.7770931,-73.4112069
7483,43.0485289,-76.059044
1901845,37.9181511,-122.5100465
574649,33.6527125,-117.7478745
1100196,41.8822474,-87.6301719
646224,35.0896305,-92.4373564
33103,38.8936051,-77.0725457
1652268,40.7869402,-73.4147982
27609,43.0382719,-87.901871
2062760,39.8949345,-75.1710457
32263,41.2651094,-96.130981
25523,40.0743164,-75.2891343
1938,34.1221117,-117.79581
2295501,32.9282246,-96.8151682
30302,41.8828891,-87.6327897
1925113,29.5960534,-95.6215642
28065,39.4768819,-76.6538952
1022681,34.0654525,-118.4004998
1802,40.4268963,-79.9634109
2009179,35.0585503,-80.8387303
23049,37.9712577,-87.5717238
2221568,37.5073305,-122.2470875
2308160,42.3538104,-71.057391
16285,34.1418984,-118.1335263
1816703,38.895654,-77.0264904
1284119,29.7532406,-95.4603284
640267,40.3329415,-74.5035722
26497,33.303611,-111.8798599
2210362,37.48487,-122.229315
33148,42.65649,-71.1049921
1811446,41.8494815,-87.9473423
2300928,38.6428059,-90.5080772
2815129,30.1730445,-95.4737399
2215597,28.5399696,-81.3794377
7727,39.962594,-86.1511695
2718727,33.9657961,-84.1198123
7259,40.7567429,-73.9755649
391,36.1308841,-96.0148915
2000816,35.7151844,-81.3175065
1953651,37.6523469,-122.3955917
9109,41.8808419,-87.6407695
17800,40.4414139,-79.9947082
17241,32.8228135,-117.1289306
2593899,28.5164625,-81.4679778
16495,27.5101027,-99.5041755
2607689,39.2836509,-76.6005015
2128031,40.0483909,-83.1230968
2301548,37.519288,-122.2640562
33006,26.3917788,-80.1031818
5970,43.604256,-72.993027
2482066,26.4193399,-81.8096164
625556,29.7579771,-95.363451
1020658,32.9235704,-117.2331123
2646745,29.7370769,-95.4622183
25195,42.5134122,-71.2512267
2449527,36.1158817,-115.1579285
606267,36.8610201,-76.3925086
2360887,39.4061241,-123.3521274
6559,34.1370393,-118.7113329
2728027,37.7920903,-122.4036761
24025,26.1339066,-80.3423209
469033,45.0682408,-93.191775
3036188,36.077477,-79.789425
2044148,39.9523897,-82.9992899
23746,38.2125113,-85.5317798
1701962,36.0722588,-95.9255754
440376,40.7158143,-74.037846
421212,29.7453249,-95.5589387
394,41.987092,-87.981278
2362070,40.6353159,-111.8075896
2991420,32.901097,-117.240021
40,40.1165425,-88.2447112
2745423,40.751727,-73.9774507
2721877,42.5619858,-83.1117827
2066820,40.8474943,-74.4546895
607215,39.76629,-86.158305
7223,41.8806338,-87.6249238
2029,42.4480598,-83.4330564
2300031,39.2464388,-84.379367
1023651,41.886053,-87.6359543
28690,32.336145,-95.2920788
27255,40.7240463,-73.9983888
2164646,30.266699,-97.7428161
2284792,32.7935314,-96.8041306
1990913,30.0134317,-94.0296981
20638,40.5571432,-74.3161904
2125312,37.6936787,-122.4063201
863198,40.0437927,-75.3570679
1941399,37.562112,-122.2860348
2720261,40.7597394,-73.9768133
19630,43.0389547,-87.9094954
29416,41.1400979,-73.2761493
14555,47.7317602,-116.7943349
2657415,29.7534289,-95.4572227
2157602,37.6586897,-122.4001359
876888,37.7818225,-122.4039748
2652039,33.4974454,-117.6650922
636373,39.4149756,-81.4546346
462965,28.5995342,-81.3633973
32389,41.8866708,-87.632017
1700873,34.0578191,-118.4460183
488272,37.6274542,-122.1109042
30087,29.6257451,-95.6021413
1958074,30.2647394,-97.7493579
9168,39.9679291,-83.0080211
2714649,41.2826676,-85.8539817
1066401,39.7488698,-104.993925
22092,40.7579012,-73.6950604
5892,29.7349785,-95.4627916
1642856,41.8281441,-88.0230859
33300,41.5964854,-93.7352776
2037919,42.3924099,-71.2596723
1749783,47.605916,-122.1876508
2022947,37.5985342,-122.3672731
1247066,29.5074457,-98.4802594
2365268,43.0077637,-89.7373723
3007863,34.0465294,-118.4443917
2584810,36.1532977,-95.9891953
3049289,42.052912,-88.0255978
550880,37.5618274,-122.3253
2921814,37.6466336,-122.393365
3064300,33.6904566,-117.859852
18861,40.7356104,-73.5915257
1590329,40.789417,-74.0461222
247122,40.9967941,-73.8572059
13843,39.9536631,-75.1695865
1684312,34.0297235,-118.4695163
867711,40.7840283,-74.0562204
2724089,42.327982,-71.2546148
1645856,37.8978421,-122.0653235
2039,40.3253036,-78.9189675
25191,40.2779348,-74.0469952
1734,41.3262535,-96.0594864
32254,40.9629545,-74.2257279
604931,32.8784062,-117.2067035
264342,33.0222579,-117.0924005
30053,44.9702854,-93.5197981
3047060,37.8376178,-122.2878954
2942912,40.4424701,-80.0009554
3029515,38.8414507,-77.4381946
25811,30.6252538,-81.6391146
620275,40.7635461,-73.9790278
22049,30.1602387,-95.4564448
11661,40.4444836,-79.9940505
33445,43.6993693,-72.28934
1611560,38.9826881,-77.0928692
1699093,37.6989159,-121.8816096
2059180,37.7680398,-121.96858
2287421,37.5386594,-77.4366481
21684,41.8099995,-88.1077044
26990,31.7175308,-89.1569873
31129,26.2093299,-81.7466602
1892144,37.5557257,-122.2767194
2297524,41.832551,-88.005306
483990,40.7583379,-73.973889
6905,30.2708146,-97.7506641
21371,33.20763,-92.6662674
253576,21.3084038,-157.8623345
8699,32.8674207,-96.9512184
1025581,42.3495215,-71.0481518
551005,35.1056577,-89.8604957
30755,40.9058618,-81.4330213
131767,32.8885139,-96.972148
30662,41.6927175,-85.9690081
1951902,38.9206372,-94.6339778
1625262,37.7904436,-122.4023713
1693804,34.0281951,-118.4725731
1966860,43.0340457,-87.9094738
12812,38.9229745,-77.2327641
2178410,26.6618038,-80.2648442
2065312,34.0581895,-118.4146216
561710,40.3475607,-74.1887738
732186,32.7944197,-96.8080977
2319874,37.6636657,-122.3942501
7936,39.1851183,-76.8062206
2148336,39.5212603,-119.8129329
735062,41.8494815,-87.9473423
736,37.7908857,-122.4012094
2168169,40.7620853,-73.9846163
90107,39.1355084,-76.7695278
20292,34.0615725,-118.3270632
2040052,38.0739346,-122.5322358
3049814,37.4484039,-122.160524
17374,37.4175167,-121.9784588
2065334,39.7384665,-75.5590563
1080,42.583222,-83.242676
1655175,41.8866286,-87.6267992
3244,47.6734481,-117.3886669
12159,32.9008085,-96.9506056
1888,29.3067625,-94.7899136
917710,42.1322059,-87.7862479
16898,40.7431319,-74.3620265
1809776,43.0284524,-87.917162
31761,37.5358745,-77.4356571
502603,40.7592391,-73.9735483
1684607,25.9089615,-80.3280127
32154,41.9819282,-87.8376307
3022441,37.3328819,-121.8949931
25944,42.4984104,-89.0363758
424005,41.482207,-82.6835206
15684,40.824088,-74.476534
14261,30.3686166,-89.0936668
23061,38.6482694,-90.3332073
2456763,34.0438694,-84.3252687
2241582,29.7557923,-95.3639415
2551152,34.1878003,-118.5960026
2320360,34.0570794,-118.4174512
6275,28.0108485,-81.7273326
28226,37.1006483,-113.5569325
31727,42.5969,-71.1483793
1985709,37.4168712,-121.9220926
1703877,25.9832926,-80.2881407
28053,37.6826246,-121.8995146
1672171,37.4065228,-121.9803247
1687694,42.5162864,-71.2419455
28653,39.6036488,-74.8383904
1971346,34.1302038,-83.7656823
27726,29.6184604,-98.6047304
2524449,42.494884,-71.189503
21072,42.8050971,-78.6127751
8462,34.0712811,-117.5766105
18989,42.3286582,-122.8720949
23112,37.3952144,-122.0515263
20121,40.8477082,-74.4471587
2538359,30.1176431,-81.4186828
33097,47.6104369,-122.3356121
1041957,41.886053,-87.6359543
1977560,33.2147208,-92.6622873
1612080,40.7637696,-73.975023
1633883,37.4045818,-122.0360211
27589,34.2180997,-119.0210025
2009180,35.0585503,-80.8387303
1915368,40.8474943,-74.4546895
3477,34.256348,-88.7038655
34048,43.1056829,-89.5182269
1701785,38.9846184,-77.0956543
2504679,39.1587945,-84.4020821
911047,35.9708643,-86.8096138
19181,36.1649101,-86.7808709
1959651,40.550705,-74.4231591
566638,40.7631087,-73.9790586
621698,40.7087357,-74.0081164
28619,40.7662984,-73.9537155
1992573,38.8962704,-94.6733744
2121211,34.0514008,-118.2569403
10909,40.4424701,-80.0009554
66710,32.7906565,-96.80298
1681904,32.9270596,-117.236937
141377,33.568112,-117.6714435
2444519,36.1498781,-115.3330219
6053,34.0622589,-118.2387285
488938,37.4988975,-122.2181447
1800631,45.0130732,-93.6634526
12645,40.0376352,-76.3056139
4972,43.1471647,-87.9919625
2080246,26.8596034,-80.0593728
1913681,26.5559078,-81.7565262
2558527,39.5531852,-104.8457211
599876,29.732173,-95.4344614
4912,36.118724,-115.15801
1602289,41.8853694,-87.6385344
11887,37.4121243,-122.0018249
531565,38.9070214,-77.0526001
3594,41.6705843,-72.9430563
2519,32.8891148,-117.1846507
24856,37.2705388,-121.7935317
2022876,29.5860851,-98.6054062
5006,39.9520852,-75.1839951
2651886,37.4252567,-122.1395653
2456520,42.4296345,-71.4655791
30045,29.7605707,-95.3662309
7675,43.0873037,-75.2839922
2212348,40.7289925,-74.005525
19404,40.7499158,-73.9111457
20721,42.8144431,-85.9959594
33655,43.1352383,-85.5443816
17144,47.6752442,-117.09118
2086,32.943963,-117.240552
430,31.1764333,-83.7879735
5549,37.366815,-121.9127646
1053695,42.1538458,-70.8496681
1947127,37.6954878,-121.9217997
1731564,35.9346011,-86.8139533
26741,25.868202,-80.3853078
18856,36.0416066,-86.7691697
1625264,33.9054525,-84.3600377
33491,40.7373992,-74.0284596
948199,29.7422656,-95.3771881
21027,43.1895102,-77.6573689
2060160,32.8783413,-96.9591125
635761,33.9978442,-81.0435611
1993180,33.7864313,-84.3837324
82823,37.3898607,-121.9334834
15891,29.7579771,-95.363451
31921,39.8891088,-75.1760903
7352,47.2511434,-122.4361754
1947132,28.4349631,-81.424722
2356681,37.6534286,-122.3921259
33535,33.0875525,-96.8211156
18515,45.5279562,-122.9259506
9097,41.4677134,-81.4953064
31863,43.013889,-85.59169
13065,29.7580582,-95.3659038
33699,25.8105865,-80.3554135
731261,44.8694296,-93.0625501
2920393,37.5413244,-122.2988694
631381,40.3699808,-75.964958
1416,40.4395637,-80.0038699
1467,36.1376262,-95.9881529
20302,41.5834196,-93.639238
732048,40.7516061,-73.9811543
1967527,42.3605981,-71.1019203
18770,40.7511657,-73.9922402
30021,42.5834305,-83.2374684
2164708,37.5372099,-122.2582547
1701793,32.8693497,-96.7684883
1990087,40.7496255,-73.9889938
25598,32.9460532,-117.2419828
2005381,26.1218986,-80.1382352
3262,34.7006606,-82.2386106
28037,34.224569,-92.0030655
1283,43.2881642,-70.9309603
20330,33.6193961,-111.8897349
12641,45.0454315,-93.0516256
24748,41.493403,-82.052581
1803614,37.7867018,-122.4001359
33176,32.8994091,-117.1120438
378966,38.9634821,-77.3815185
1945564,33.5085487,-111.9286812
20738,42.2019707,-87.8821724
468832,43.0770457,-89.3759564
1951110,34.1518903,-118.8200785
852951,32.9087949,-117.229305
5880,39.9536631,-75.1695865
23927,29.9206768,-95.5580363
2300290,38.9227168,-77.2314443
335,37.3739953,-121.9241111
791669,40.7577861,-73.974309
112,39.1016183,-84.5083716
5192,42.5867377,-71.3229621
6510,34.2950686,-84.428506
491,40.70968,-74.010962
15553,40.7331156,-79.8204375
17745,34.0575438,-118.4471134
1988150,35.0567499,-80.8421717
556,40.9735865,-73.7006168
33779,39.7477107,-75.5523247
33289,41.1579896,-96.1415689
1552571,33.7983728,-84.3879014
125827,40.5075915,-80.2655499
494219,37.6029091,-77.5133905
2767045,39.7471743,-104.997531
25634,40.2742641,-75.2480884
22746,41.886053,-87.6359543
2236810,40.7098327,-74.0107394
22679,40.232943,-111.6602035
92177,39.6357211,-104.9107342
33597,32.9124779,-117.1144424
7058,41.49998,-81.6918898
550958,39.1608355,-77.2298277
1988609,37.8000905,-122.402259
22927,39.5651233,-104.8696336
259416,35.1581694,-80.8349244
30412,32.7848396,-96.8026985
5462,42.3490569,-71.0411582
2226015,39.7513285,-105.0011144
22667,45.5249194,-122.6719341
27025,37.3900362,-121.9295653
19006,40.7562495,-73.9982025
8673,40.7764338,-74.4713381
2934436,30.255806,-97.872517
33104,38.9016687,-77.0414244
12453,40.9995618,-85.2259184
148,40.1932599,-85.3850645
2497838,37.5901548,-77.4889726
77289,40.4414139,-79.9947082
1894867,37.3783993,-121.9609087
2731967,36.1904597,-115.2999177
2889444,39.1745,-76.8015413
30323,39.5491373,-104.8419049
466229,40.7567429,-73.9755649
2079,33.335446,-111.8992443
1584095,40.2132252,-76.9603003
33238,40.7420901,-73.9941211
1895298,40.7536874,-74.0019162
1706477,37.8102801,-122.2660091
5587,40.8061864,-74.0787006
21679,41.0504634,-73.5388563
620944,41.5944384,-93.7917234
2376,41.5038066,-81.6642362
16277,40.7553885,-73.9788988
421516,32.7855931,-96.8106156
1818116,37.5451045,-122.2908192
21580,26.1083574,-80.2557416
23477,46.2821336,-96.0721886
2730096,30.405365,-97.8481259
2545398,37.7710325,-122.4033069
3049380,36.1787956,-86.6426089
2653372,41.3087009,-72.9234229
1928451,33.6590389,-117.8603556
14195,40.7575186,-73.7003652
33760,40.110674,-83.021544
1351,40.9151949,-74.0547059
3541,46.0665356,-118.3378654
27312,36.069687,-115.1561219
33294,40.434008,-80.005785
10995,38.6368758,-90.3905535
1622924,34.1518903,-118.8200785
2680801,42.3659483,-71.0758689
19235,34.1542794,-118.8232066
25921,37.8954912,-122.5143762
630051,42.7043952,-71.1460585
1000666,36.1844463,-115.3110217
1944082,33.1346197,-96.7124106
1985116,42.3593206,-71.1031663
2299914,33.441047,-117.5831316
2216604,37.7668643,-122.4013308
2156815,37.5339758,-77.4517422
31338,32.8054753,-96.8399373
9618,41.7236612,-85.9187951
2423220,28.1917093,-82.6811422
7817,39.1002093,-84.508908
2517704,39.7502764,-104.9952031
8660,41.5675688,-83.6935076
927273,35.0240355,-80.9650887
29193,42.0515499,-87.7620474
3061482,37.3924201,-122.0718045
151,41.9830596,-87.8443085
2049859,40.7476873,-73.9878772
31417,32.3000762,-90.1842557
2648061,33.4354123,-111.857262
2072873,33.4485286,-117.6077043
24071,40.350785,-75.9689569
141427,32.7853542,-96.7963319
3020645,37.771696,-122.4025698
18139,34.0603126,-118.4166435
7952,36.0937958,-86.8219556
1710266,40.7490725,-73.9914049
2936258,45.0007561,-93.3636547
1969513,33.6751214,-111.9635536
2240,42.097682,-87.8233018
872265,33.0810221,-96.8227276
25131,33.4660327,-86.773774
6237,40.8486504,-74.4506392
8404,32.8214341,-117.1284975
2554395,38.9826881,-77.0928692
2300914,39.7463918,-75.5481401
5455,38.6509306,-90.3416722
21434,40.7625221,-111.8258995
930405,37.3829788,-121.9751267
19381,40.7192445,-74.0330877
3058322,37.9746107,-122.0317582
2208282,40.7652747,-73.9807922
2019000,34.1472499,-118.0018656
265222,34.0592304,-84.1669679
33291,40.065986,-80.722907
2707495,40.0496275,-75.5288749
1061516,39.5761529,-104.8674443
1732906,37.5377719,-122.2551805
2077423,31.9988675,-102.0806785
24138,34.2562763,-88.7051028
20328,40.5715846,-111.9359502
1041928,39.2915134,-85.1948341
1686569,40.4619749,-86.9296232
9322,33.0834733,-96.7996845
2813388,42.4093891,-71.2758206
23441,33.9186321,-118.3302139
2833897,40.1114826,-75.2911062
580282,33.6829412,-117.8495502
8991,45.0539912,-93.1281199
419,37.6029353,-122.079306
601972,38.9844228,-77.0959967
1680856,42.2421085,-83.4351974
28213,41.6815563,-85.9712027
115527,40.2998199,-74.0824061
5759,39.0498807,-95.6734879
2646633,40.7410895,-73.9875092
13891,40.2244946,-83.0458805
461531,40.8132816,-96.7028722
2642720,38.626689,-90.1925651
11652,41.8460813,-87.9553377
2316322,37.7892515,-122.4008831
2923206,37.3829788,-121.9751267
2817324,40.9837837,-111.9078145
2550543,41.6482558,-70.8802538
7443,32.8982848,-96.9599098
489063,37.4049997,-121.9468666
1673821,37.840952,-122.2915971
12030,42.5935122,-83.176205
23508,41.5285372,-83.6479919
24266,39.7445109,-104.9851612
864,40.5658375,-105.0308111
16141,33.358338,-111.9681002
1620776,38.879629,-77.1126498
2605626,35.1377847,-80.9286827
2176914,41.9955835,-93.6381312
122662,38.9534961,-77.3972461
4873,43.0705301,-70.8000099
2741256,37.6634114,-122.3948751
2050850,41.969584,-88.030379
28170,37.3480198,-121.9015287
2041835,40.7579332,-73.9722189
2067944,33.486423,-86.788392
2707471,42.3964732,-71.2591155
2238993,39.6194555,-104.8911176
2771157,34.0514008,-118.2569403
15053,39.8022923,-89.6449482
922204,32.7857375,-96.810641
930959,42.2173228,-71.0234565
2178470,40.4424701,-80.0009554
487837,38.9311756,-94.6993448
5507,32.326586,-90.2238067
12366,36.189245,-82.790117
1804715,32.9284543,-96.9883961
14509,40.1162288,-74.9606052
3466,35.4679324,-97.514783
1965798,40.3192648,-74.6514795
2725802,38.3384726,-85.4768333
2696,34.0051292,-84.093353
1686117,40.8475172,-74.4546603
1946860,38.9814541,-76.541464
464072,42.5044951,-71.2442936
2463611,32.8945636,-96.9855992
1141059,39.7795839,-75.4940929
2829765,40.318475,-74.657224
2671,42.5468443,-83.1761661
1677099,38.9853692,-77.0935436
2936853,40.9452106,-74.1310612
643128,32.8740639,-117.2125378
2643828,44.4722783,-88.1072964
2723947,40.4420432,-80.0001254
20757,40.7497798,-73.9757003
786714,37.5394161,-122.2566595
23926,44.8668844,-93.1429909
2542426,47.6177789,-122.1915562
2728761,39.7475235,-104.9898868
647708,34.3313863,-119.1250261
25025,32.8972731,-117.2033957
18868,32.9024599,-117.2207149
2686069,47.6164946,-122.3325
2156835,43.5451043,-96.7290787
2007188,37.8393639,-122.2980793
30442,41.1228346,-73.3273007
1795026,32.9235987,-96.8164932
1639606,44.9743015,-93.2675787
2006809,30.161871,-95.4561172
2240012,34.7398345,-92.3952049
1635433,45.7834358,-108.5121411
27779,38.8260218,-78.5567691
19429,33.5084918,-111.9271907
22531,41.9396971,-79.1342811
813486,40.0905397,-105.1797434
2655270,29.7328655,-95.4334319
31991,29.7482437,-95.5589825
2385230,41.0273233,-73.6264853
21503,34.061458,-118.2919856
5557,33.1318162,-117.2806389
10651,38.6481405,-90.5269746
2634083,31.9708463,-102.1104647
2293431,40.7597071,-73.9716679
14365,40.2602355,-76.9106004
3050077,39.7776142,-75.4903274
2719470,37.4095522,-121.9546878
14539,42.5060316,-90.6672989
8366,39.6029362,-104.8885418
21875,42.5530747,-71.4417174
600759,41.0598012,-73.8347386
19952,37.70117,-121.7268042
2938449,32.7844503,-96.8001857
2297998,35.2472184,-120.6429991
1971658,35.9074015,-78.7785233
2061627,40.7592825,-73.9719906
1830202,21.3079324,-157.8625906
2343205,35.0607938,-80.8458228
17666,41.8594262,-72.7089892
33327,37.9744255,-122.5288828
2833412,37.6688473,-122.3900016
21279,35.04158,-89.7026749
14538,41.7577674,-91.6401734
9636,29.8668253,-95.6101654
601157,37.6676844,-122.3830972
2812976,44.9713611,-93.3502713
24637,44.1883284,-88.4639135
3044303,26.0594381,-80.1615227
824791,38.8723814,-77.2657486
32416,25.8168584,-80.1891193
28937,35.0607938,-80.8458228
1635432,33.1317516,-117.2700916
1938625,43.0387681,-87.9004545
2493943,37.7929158,-122.4046905
564361,33.4904798,-112.0744177
749,39.2871831,-76.6083641
7606,33.0905633,-96.8425279
1532,41.8884096,-87.6354498
2624747,40.0100262,-75.2109058
797091,33.9343354,-84.352191
10331,37.5465432,-122.0614203
742337,40.7507673,-73.9793811
7996,33.6843249,-117.8514732
2164725,40.7874309,-74.0433644
2300312,34.4342256,-119.8637113
2336446,39.2805499,-76.5945061
3392,43.1757869,-87.9686175
2311347,32.8620706,-96.8110298
875117,39.7365765,-104.9868044
11500,41.0499099,-73.5378788
1349,21.309359,-157.8818136
5827,42.0331595,-88.0327167
28569,35.4638294,-97.5075501
13794,33.8715836,-84.3339091
2992276,43.657593,-70.2508959
82544,33.6706719,-117.6541377
4081,42.3593837,-71.0565553
20917,33.4518705,-111.9848062
1195777,34.1515595,-118.0788894
893667,33.1846095,-97.0995193
32027,40.7132655,-111.9807301
21699,42.5289388,-75.5241215
6612,39.1764275,-75.5362677
11033,40.7626591,-73.9696518
7410,29.7614528,-95.4791437
12973,39.0431862,-84.462464
27538,44.9715259,-93.2703388
817733,36.0361688,-86.8066376
1816267,39.0950796,-77.1322474
1924853,30.2639807,-97.7448532
2578150,29.7833678,-95.5355636
26061,33.0851646,-96.8135804
23823,39.9635525,-82.9976947
3022341,32.8977294,-117.2313262
22915,29.8793825,-95.5887247
29000,34.1299153,-118.0008203
5104,32.9239341,-96.7874098
3061398,40.6329467,-111.8037809
729,43.1733188,-88.0649924
29160,42.8849745,-85.642363
2305666,40.7539143,-73.9810162
2214692,38.9041503,-77.0470138
21603,38.944273,-94.8820269
29964,36.0882694,-79.8338569
2657879,35.9038358,-78.8776195
16157,40.556426,-74.578528
15171,41.8506503,-87.930263
2540737,38.6732455,-90.4399003
31270,42.3559701,-71.0539553
18544,41.9330755,-83.3946508
80987,35.1533071,-80.8382114
30906,41.7583948,-87.740932
1878334,27.9604943,-82.5252531
374642,37.4812387,-122.1738067
2682433,40.7654863,-73.9808532
1804722,42.3578929,-71.1842589
1993111,39.752448,-105.0011122
8119,47.6057778,-122.3318444
29433,40.8260792,-74.4272995
25728,37.4045818,-122.0360211
790787,30.136492,-81.5321469
2316938,37.6742969,-122.3850004
256646,42.3581038,-71.0533603
11629,41.5976585,-93.7804976
21629,40.8155069,-96.70304
29520,27.3885861,-82.5394368
601450,40.0694122,-75.3094217
2605714,39.7471181,-104.9988548
3043182,37.3777175,-122.0335344
2726417,35.773376,-78.6777222
1665719,40.7140998,-74.0161103
9876,38.9877754,-77.0998855
2633316,41.8896224,-87.6228785
2004373,37.6697827,-122.3903556
1953917,35.8318156,-78.7851476
2808215,37.7818416,-122.403956
468695,36.8406528,-76.2125589
13933,29.7777447,-95.5438873
2338046,39.100747,-77.19333
535040,40.0549516,-75.5108773
2076686,40.0648169,-75.4603935
26601,29.7370769,-95.4622183
460902,41.8769783,-87.6415419
2761520,42.3578929,-71.1842589
1968,39.1232515,-78.2069802
9793,37.2266918,-77.4013696
914699,36.1376262,-95.9881529
1732178,41.897641,-87.6433945
29346,44.8649717,-93.4632619
2975,33.0826979,-96.6766798
1623243,42.3666656,-71.0873814
9291,34.7545821,-92.2875105
13769,36.905154,-121.766138
1806,43.6149051,-116.2029839
2004761,34.1527397,-118.6482479
782105,34.2832807,-118.7791988
2404467,42.398326,-71.1369605
20423,41.9830596,-87.8443085
26715,29.6879093,-98.1174704
15023,41.4241647,-91.0395886
601281,37.4465254,-122.1585059
32588,33.4684319,-112.0750359
2762605,37.398726,-121.9767187
1806317,42.6356177,-71.3162841
2176870,37.4133069,-121.9783999
2630444,40.7511657,-73.9922402
957703,39.4310553,-119.7577142
2164651,37.5221494,-122.2573685
59475,42.5671464,-83.2310182
6647,40.7878337,-74.0449298
2448836,36.1547947,-115.3314467
2469741,41.5956612,-87.6415478
13254,42.7921907,-78.8490336
7840,41.0269602,-83.6601825
919,34.9500088,-81.9282037
466411,33.5185247,-86.8040663
1871994,38.881622,-77.458795
1941712,42.3639126,-71.160262
2774073,29.7817447,-95.5355636
3049886,37.8055562,-122.4055121
7734,40.2792132,-80.166755
2056211,32.7560187,-97.3304799
27279,41.1109001,-81.6431497
2037610,32.888256,-117.224294
952094,29.7833198,-95.5367116
95972,40.8476772,-74.4658631
5506,29.825058,-95.5647634
26667,33.8302995,-84.3425788
2550048,42.3955847,-71.1446195
30419,44.9873618,-93.3529049
1557232,42.3578929,-71.1842589
2710097,36.0598107,-115.210221
31866,40.0796884,-75.3698504
2072537,29.8857462,-95.6065378
31855,37.5393001,-77.5666617
21597,35.844609,-86.3913288
2285930,40.7629384,-73.978958
5229,41.507836,-81.457408
2885213,40.7597071,-73.9716679
22730,40.1419303,-75.1737359
19431,29.7566361,-95.3687247
1259,29.5720325,-97.9366863
2155262,32.8745309,-96.8948387
462108,37.3916454,-121.8908582
743415,37.380774,-121.918871
2155259,32.8629184,-96.8058796
15548,34.1465163,-118.2547507
71,40.6232181,-79.1512816
482661,30.8466317,-93.3207745
732913,38.918086,-94.648476
2463532,33.8379986,-84.2467303
27128,38.9853692,-77.0935436
6339,41.3968437,-81.662641
2216562,38.9475554,-76.7338579
81913,37.7146018,-121.7080564
500266,32.922216,-96.8181014
3018058,37.4064625,-122.0147497
533426,39.4158043,-83.8202387
6297,37.9256275,-122.0580874
29620,44.8723239,-93.4253678
23520,33.7811208,-84.3836503
2080604,30.1609216,-95.45624
3344,32.751472,-97.3623552
2415279,39.7488698,-104.993925
2080242,32.9150668,-96.988789
2403688,42.3682903,-71.078283
13213,40.7860431,-73.5474503
2893717,34.4173377,-119.6980233
6972,38.415868,-81.7930949
1895230,40.748384,-73.9854792
2533198,39.9516,-74.9492999
1981197,27.9469166,-82.4569141
2990559,37.6634114,-122.3948751
29766,27.9472272,-82.4606362
2154427,41.5220543,-81.3268738
20133,39.2825875,-76.6016034
26999,39.1486246,-77.0657555
1990083,32.8936033,-117.2384919
11369,25.8168584,-80.1891193
2066595,39.093439,-77.560847
3030069,37.6537529,-122.3949582
1687120,30.3140679,-97.9457794
27006,37.9244975,-122.3790004
947154,39.9500168,-75.1592078
607573,40.7247357,-73.5936418
30889,42.4405835,-76.4979415
25756,32.7557098,-97.3345964
24173,38.64347,-90.507676
33686,34.8388713,-82.3676497
2829195,37.7904436,-122.4023713
14079,34.0241343,-118.2387483
24591,36.9864486,-122.036476
1929884,43.6197012,-116.2059158
18018,32.7545173,-97.3338384
13267,40.7534496,-73.9893388
1703302,40.7618716,-73.982223
3005170,37.410368,-121.9815711
1590331,33.1009714,-96.8253022
551213,21.3357473,-157.9178975
222,41.6717421,-86.2483165
3904,40.6975106,-74.3046712
584734,42.3666656,-71.0873814
1955677,42.3639663,-71.0917551
32105,41.9778339,-91.6684014
26759,40.6226794,-79.1551178
1812358,29.7554839,-95.3615297
2740679,32.875097,-117.2041308
90402,38.9512035,-77.3969457
893638,42.3964732,-71.2591155
1603163,27.6500657,-80.3559104
2671932,40.7546664,-73.9828494
33008,39.0135762,-94.6597276
31454,33.6988992,-117.9266394
2605433,32.9061204,-117.1878408
756349,34.0726957,-84.2602267
895357,41.1294035,-73.3688783
2176262,37.7892515,-122.4008831
18028,40.415628,-75.5177916
10622,33.183828,-96.6014469
2890993,40.7558722,-73.9701462
114747,37.6740817,-122.3858124
1972483,39.9536948,-75.1711447
1714444,39.7427116,-104.9877629
22916,40.3512853,-74.0702902
247297,44.976168,-93.2685809
853864,26.3401419,-81.8080034
2668962,42.9009151,-78.8688731
1971352,39.1884916,-77.2552194
560357,40.7637696,-73.975023
2574189,33.0223099,-117.0828185
2652175,32.8707449,-96.9379387
550955,38.6536119,-90.3388767
2300557,38.932099,-77.2190493
1715277,41.281924,-73.493163
5191,42.3483312,-71.0737797
2040055,41.05195,-73.5328456
15984,32.8950024,-96.9758639
28982,30.2940984,-86.0252888
152,43.496325,-96.7883857
483759,32.7640406,-117.1649566
2612,42.4860076,-71.1883271
17781,42.5607669,-83.1664913
2927431,39.9520852,-75.1839951
31373,40.0630789,-75.4591429
2125669,47.5469551,-122.3288731
2653804,40.7637696,-73.975023
31297,39.7722183,-121.8760803
731321,40.8714891,-74.2779939
1641798,40.7602091,-73.9763046
5561,29.7582519,-95.6181152
18379,41.2378666,-85.8551412
1715265,34.4399781,-118.5713175
420088,39.330127,-84.291043
2646703,33.261657,-87.309337
8338,34.0032301,-84.5944278
21662,37.6596925,-121.8994391
28,35.1724416,-79.3951675
9992,34.0652981,-84.1738593
16584,29.1931944,-81.0714315
28989,39.7445109,-104.9851612
21270,44.8599252,-93.4553567
25801,43.6,-96.7099999
446,40.0908916,-82.7777882
21677,41.8853694,-87.6385344
19722,44.5690376,-91.6562583
1889949,39.6088042,-104.8983252
2073903,42.4064449,-71.2725505
25539,33.680327,-117.8539145
5898,29.7577528,-95.3708239
2000812,35.8740857,-78.8445461
27299,34.0456623,-84.2990118
2819136,33.9359434,-84.3615914
29312,29.7573187,-95.3719137
2524565,29.9948551,-95.5812153
2146,42.5239002,-70.9619244
2730319,37.7892447,-122.4022503
23912,41.6839303,-85.9722396
531213,29.7403262,-95.4731118
10351,45.5252466,-122.8201819
810610,29.6475479,-98.4539842
29260,30.0988966,-95.4384362
2672331,40.7548825,-73.9852354
8398,41.7960508,-88.0954188
2331,44.8594519,-93.3359796
29050,40.7519244,-73.9254192
2044550,34.4276727,-119.8672596
21293,39.0658787,-84.2495363
467631,37.3928075,-121.9379783
604224,39.9875339,-82.8984889
2240895,38.98124,-77.0933302
586832,42.3092759,-71.536786
21838,37.3945488,-121.9254446
1101456,29.9424478,-95.4023814
2606472,40.7335852,-111.960074
20604,38.9157423,-77.2206661
1961087,42.2316757,-83.7548552
10868,38.9528571,-77.416496
14690,47.0437052,-122.9031197
16885,40.7098327,-74.0107394
23423,33.0690891,-96.8721267
1064229,37.4194384,-121.9710837
2761505,39.7476454,-104.9937499
4002,33.4323885,-111.8981264
3018040,37.6635669,-122.3894599
33244,40.862585,-76.7944104
25730,42.5191709,-83.3382761
1699115,33.846098,-84.3595495
23961,42.8030639,-71.5488515
1644955,39.7481704,-104.9941942
3012387,37.8018263,-122.4023928
1961075,47.6239191,-122.3339201
2913680,37.6532265,-122.3992926
19347,40.0466043,-82.9052312
18922,41.2796331,-96.0857929
1648283,29.7557923,-95.3639415
665743,42.2040414,-88.0360721
1953932,42.0364258,-88.0347391
17640,42.5713401,-71.4145039
2945173,42.3493011,-71.0752547
20376,39.7244331,-105.1345755
1951360,40.7308656,-74.0083912
2646710,44.8361465,-93.1161102
12966,40.7552112,-73.9801333
2550972,37.3894678,-121.8826202
2167195,41.8778726,-87.6331999
2212362,32.7874508,-96.80224
2152615,40.419296,-111.8798475
3058485,40.7442987,-73.9836641
2291224,42.3854889,-71.204726
1040122,26.1863495,-80.1588193
4262,40.0798843,-82.8571445
11590,28.7386307,-81.3627135
19823,40.4475719,-80.002528
1331942,32.7885175,-96.8063362
1613793,29.9466126,-95.3309201
27406,26.0830109,-80.1155381
3046073,42.4812873,-71.2641271
2079929,34.0853075,-117.5518777
2496125,42.6926907,-73.8317832
2500821,45.0016925,-93.2456115
29059,42.7732289,-71.2446835
2352526,41.8849569,-87.6230524
1757,42.3878282,-83.067395
7198,39.7471181,-104.9988548
1284179,42.5422318,-70.9482668
29032,33.9189526,-118.3915039
569,32.1761395,-110.9276444
1586720,47.6198293,-122.3604721
2039695,42.3955847,-71.1446195
2345902,40.7567429,-73.9755649
2300005,42.5507241,-71.3079521
5276,40.7003878,-99.1127596
2774847,33.772792,-84.3658596
5207,38.6525531,-90.3471117
22965,26.404215,-80.121159
19270,30.4324853,-97.7609599
11426,37.2382947,-121.7852542
1950821,36.8426198,-76.1335725
2228456,33.4749962,-86.7641339
26166,40.7020841,-74.0118801
21752,35.9821348,-115.0996973
1021127,41.886053,-87.6359543
18030,40.7105352,-74.009543
2151251,40.2792132,-80.166755
1654948,38.918086,-94.648476
2940,42.562507,-70.8903104
21642,30.3980448,-97.7302455
1716400,38.9844536,-77.0959962
2126600,29.7817237,-95.5594841
4391,48.7144754,-94.6194851
1216,39.3269126,-84.427588
2364297,40.7105274,-74.0089937
2917957,37.7824004,-122.4050479
2162228,33.6596286,-117.7379787
1649267,40.7629604,-73.9705452
2057807,38.9513899,-76.8727267
2669043,40.7601625,-73.9747832
2937825,33.6530266,-117.7385141
577575,37.4135367,-122.0186579
9172,29.7841127,-95.6556135
31833,42.949308,-70.864048
13618,40.8078245,-82.5041857
4862,42.3565143,-71.0558474
28568,35.1767046,-80.7969848
1067306,44.9734321,-93.4656571
7368,43.0413005,-78.7461973
570327,30.3827701,-91.0422648
2530134,37.8027575,-122.2756277
1942976,26.0094101,-80.1771314
3061508,29.7314624,-95.4390278
19941,29.7770951,-95.6193947
2605568,43.0416942,-87.9114208
2359979,40.76211,-73.973069
31938,41.0215484,-73.6324187
3061523,40.7706389,-74.5035609
2312125,33.7000663,-117.8570243
2730194,26.3917486,-80.1098876
1841,35.9451512,-86.8081066
27366,39.0991043,-84.5104387
18329,47.2538354,-122.436809
1002804,37.3893311,-121.9048185
1625238,40.7490725,-73.9914049
1984495,32.862951,-79.9148975
1641428,43.158186,-88.002362
7682,41.2786433,-72.5371432
276,34.9497087,-80.949433
11700,41.506532,-81.4574
1670028,37.477395,-122.1446443
865430,27.1425605,-82.4079768
1951922,40.702764,-74.0133466
2077404,39.6223566,-104.8906614
29233,29.7462479,-95.4618498
33106,41.3521658,-71.7978333
14525,36.1551649,-86.7825589
467542,47.8147022,-122.2870918
2843881,42.3675909,-71.0902333
29752,38.2530869,-85.7316765
32622,42.6288754,-71.180406
550464,38.2558335,-85.7604279
13915,40.7622869,-73.9750432
500385,21.3078264,-157.8605414
2359530,32.9016017,-117.240513
20989,39.4889071,-119.7936863
17084,40.7546664,-73.9828494
29318,42.5182015,-83.4412139
9556,41.8880154,-71.4486745
3035596,31.9988675,-102.0806785
25472,34.4220366,-119.609541
532290,33.8488112,-84.3761245
14149,42.355028,-71.0560446
13163,38.39,-86.93
2177,41.5856526,-83.6945042
2287888,35.943376,-86.8263507
1025487,30.4649912,-97.8000041
1026459,42.486182,-71.1165358
1638774,26.7056668,-80.0509601
13825,37.1601838,-93.270072
18347,25.8168584,-80.1891193
925729,42.5238036,-71.0411748
17925,38.2470285,-85.7596953
2344850,32.9284543,-96.9883961
462078,38.9017929,-77.0493245
819020,39.7508132,-104.9967997
28822,35.3515472,-80.6865507
17879,27.9614006,-82.4495761
602289,41.8852827,-87.6215123
9201,40.9079494,-81.421885
1809458,37.3189161,-121.9118425
2132733,29.7300192,-95.4132227
401,42.3609187,-71.1012956
20663,39.5630521,-95.1216356
1672225,36.07308,-95.9243158
2129232,29.7376123,-95.4601709
1811454,34.0173067,-118.4532428
2155249,42.3493011,-71.0752547
2164751,32.9216552,-96.7756651
2228113,40.7148544,-74.0144968
2921110,41.3238545,-72.9279656
6267,40.8725328,-73.9529275
480718,42.595568,-71.1509787
2580139,40.714256,-74.015745
1892715,41.5047365,-81.4704962
2824882,40.740191,-73.974859
735327,42.3752524,-71.0544886
1639585,37.4997243,-122.2169035
2767271,37.5003253,-122.2153579
11644,38.9031419,-77.0445416
16896,48.2040209,-101.3139598
29849,40.8089307,-73.6613387
10499,41.5847724,-93.6264506
2719421,29.781243,-95.6287913
1001476,40.9884154,-74.0640225
5771,32.8647752,-96.7724439
138612,37.652212,-122.3949361
19919,41.024784,-73.7193424
21489,37.4081915,-121.9135317
2814645,32.5394518,-92.6320319
18378,41.0511992,-74.4792141
488319,33.7894846,-84.3839613
2722672,47.9802911,-122.2076155
2724839,29.732173,-95.4344614
891456,40.0186799,-75.6555388
2041394,38.9571594,-77.3985601
2043752,41.0437916,-74.0743483
23017,29.7572303,-95.3718793
1233828,40.5436059,-74.3000421
15055,41.7167718,-86.9022197
883085,33.70177,-117.8648891
32998,40.4068753,-86.8587337
2121266,32.7850698,-79.9328678
2455814,38.0938912,-85.6778246
3058565,29.6475479,-98.4539842
31416,42.835745,-73.9337932
1927877,40.7626903,-73.9682642
6633,33.734938,-117.9951405
823406,39.1005283,-94.5825139
19240,42.2036855,-71.1714017
2614784,33.7151213,-117.8059098
6253,40.758995,-73.9772981
2705668,40.4300357,-79.975396
49533,32.5895496,-92.0669497
5998,38.6068636,-90.4501823
25059,34.0493282,-118.4475925
2076663,37.3960996,-122.0561428
31886,33.0450247,-80.1147465
2917996,40.754455,-73.9760113
2129671,37.4750198,-122.150235
1685255,32.8415143,-97.0840497
3046564,37.6529551,-122.4007776
2573,35.3110324,-94.3400687
2452561,42.3573464,-71.1046518
1901833,35.9708643,-86.8096138
3069065,38.9217228,-94.631234
2828892,38.9987586,-77.2901003
2061651,33.6559949,-117.8596231
2500705,33.5612532,-111.9255139
1582803,39.743642,-104.9854807
2936606,25.7518055,-80.2591709
2234,42.4803294,-71.2663544
2493954,47.6227313,-122.3339013
2740610,42.526352,-71.2537325
2297491,37.7898733,-122.3947812
732330,42.3547248,-71.2624797
831605,40.9020415,-74.1888577
24404,41.4258008,-73.3783114
7423,37.4859742,-82.5428903
9295,40.6951041,-73.9911169
27191,34.8554188,-82.2467808
1072144,34.0529315,-118.2518765
31495,28.350674,-81.389743
1993117,39.0995537,-77.1938958
2682912,43.6866809,-116.3514458
2035010,32.9363981,-117.2331635
420623,38.9271865,-77.220711
2834514,41.4677134,-81.4953064
6893,42.493765,-71.189723
5233,40.0216898,-75.3180797
828012,36.0566974,-115.2514375
2141759,39.5531852,-104.8457211
13863,45.4215405,-122.738859
3050057,40.7596112,-73.9769969
2817023,21.3089804,-157.8636074
6389,37.985649,-122.0472546
732161,40.7524167,-73.973565
1602747,29.7534351,-95.4612397
13056,36.0149584,-86.5560692
1700986,30.2508065,-97.861761
827425,38.7850156,-90.4796816
2978817,30.3954441,-97.7269882
492290,30.1731558,-95.4734395
2799227,42.4824488,-71.2660531
2889159,32.9668452,-96.8205806
27003,42.074119,-88.3306114
2706117,37.4460862,-122.1671101
1713614,41.8071162,-88.0742735
12370,32.9382263,-96.7449215
27251,45.5051064,-122.6750261
2354605,29.9004003,-95.5513809
2628236,29.7195378,-95.5607885
2009646,42.3555144,-71.0530268
2864,42.75805,-78.636882
577415,39.0830899,-77.1461707
17910,38.4021132,-86.9206992
73200,37.3823855,-122.0866294
2649311,29.7533436,-95.4527189
2674295,41.8854872,-87.6329058
801475,41.766935,-72.677469
1895265,40.7714516,-74.4227927
24531,41.0708536,-73.5484089
2719684,40.7584536,-73.9722176
2825901,40.7148544,-74.0144968
2494009,42.3578929,-71.1842589
480997,42.7685049,-73.7586971
2653388,40.7626591,-73.9696518
14285,34.0612141,-118.3050078
1611856,32.9932162,-96.83038
2837,35.0367136,-85.1910232
3615,45.6556232,-122.5915259
2360912,42.3615089,-71.1022842
6,40.7431535,-73.6217221
1742907,36.1505037,-95.9904995
2310671,34.2010397,-77.9054495
1735219,39.7688863,-104.9741547
2071788,39.9632438,-82.9958895
3049315,42.397098,-71.2782056
5598,44.2109268,-69.0648667
733262,42.3388685,-71.2527116
1797061,47.6101545,-122.332374
24365,41.7653847,-72.6734696
1020380,40.7620853,-73.9846163
2811156,32.9829174,-97.1746485
830856,34.0508105,-118.2592862
2709871,42.3506354,-71.0740118
2949,41.0167566,-73.7111992
31860,33.6237681,-111.9240234
480186,40.1326131,-75.2781733
1930657,40.7561501,-73.9828819
2052559,37.3976834,-122.050546
2764057,30.142206,-95.4705316
2930264,39.1736922,-76.8042453
1947734,26.4073886,-80.1161778
13814,41.8480966,-87.9306461
14343,37.4211359,-121.9610865
2130638,42.1740583,-71.1907196
1996267,42.4450851,-83.4389258
7609,40.7814623,-73.4384947
2165093,33.6800856,-117.8531673
665143,32.8144645,-96.8014862
1969809,40.538458,-111.895189
892217,42.4850924,-71.2244036
9816,40.0732366,-105.2027065
1719853,41.02899,-73.599721
2730329,39.1096093,-84.5165047
6334,41.8794499,-87.6367134
12299,42.3982665,-71.1490059
644598,39.743718,-104.987085
2461211,39.14591,-88.5238599
2826485,40.7274061,-74.00605
1953389,40.3353567,-75.9593242
551012,29.7328655,-95.4334319
31244,37.5142478,-77.5322873
25982,44.9687794,-93.3267062
9787,29.8418366,-95.5008463
30715,29.7112895,-95.5611383
1626063,37.5577976,-122.2769085
1666094,41.0347237,-73.5634256
16156,38.6647913,-90.6335203
1336275,29.9567826,-90.1770216
2741231,38.437371,-122.720166
1951137,40.4383265,-79.9990769
19364,39.9124942,-105.0018244
1953127,33.6704415,-117.8623243
92202,29.6188585,-98.6043806
2237194,41.0753591,-73.8164504
1665220,39.1514472,-76.7483399
2897876,40.7637696,-73.975023
2810591,45.6875872,-122.6173563
2606810,25.6826182,-80.3152961
14719,40.4308071,-105.0004981
591579,39.7868494,-75.4855382
12160,40.7193101,-73.5835187
2895826,40.7455684,-73.9941599
2262,40.2887546,-74.7897593
72,37.252617,-81.2712105
3046623,37.476058,-122.145643
2241300,32.9408513,-117.2412479
1642854,37.398726,-121.9767187
2166861,33.9027004,-118.386921
486094,29.7566361,-95.3687247
2040065,40.740191,-73.974859
2066589,41.0272149,-73.5513974
12450,40.712867,-111.9490472
1790999,42.018555,-93.57351
2355071,37.6634114,-122.3948751
3012944,36.7197394,-79.8808091
7269,32.9442912,-117.0395032
2813410,31.2376859,-85.4530548
3064872,40.7610924,-73.9705667
2673857,35.917754,-78.981229
3046594,37.5033263,-122.2208044
2655411,33.6501992,-117.7290675
1799407,42.3529855,-71.052583
23317,40.6133495,-75.3751933
3059116,41.0191007,-73.6491331
32158,32.9268686,-96.8155479
2682772,42.355028,-71.0560446
2992544,40.7538758,-73.9788803
3014748,35.9919753,-78.8993352
20502,42.3473046,-71.0819042
2541629,39.7434244,-104.9886301
2843776,32.9006682,-117.1972518
2230610,35.9217277,-86.8723939
2009659,33.6663543,-117.6843075
2630414,40.708227,-74.0090809
2987255,34.066658,-118.4092361
2833549,42.473892,-71.2563312
606121,30.671993,-88.195741
14825,42.241237,-70.8883829
23761,43.085905,-75.329938
2162629,38.3714728,-86.9521607
1886,36.5868855,-79.3951675
2526775,34.0836873,-84.2746096
2505431,37.5396118,-122.0637698
2359510,29.8359562,-95.5691741
1664732,32.8847707,-85.1593594
3897,33.9343834,-84.3544514
11495,40.7040662,-74.0111456
2237217,42.1740583,-71.1907196
3030997,34.0551746,-118.4132525
1324540,30.1821877,-92.0171416
5484,34.0497206,-118.2556317
20719,35.082852,-85.084722
2155644,44.9769097,-93.2675621
32961,38.7673668,-77.1626263
28673,36.7896672,-90.4386169
18539,30.1722064,-95.4703268
2435175,41.3511421,-81.4953636
8605,34.0485856,-118.2328805
16897,35.913689,-79.0563078
2300983,40.2792132,-80.166755
607330,39.9467708,-74.9485527
21405,40.1913742,-85.3857692
24941,41.5450148,-81.4462671
1930647,28.0938851,-82.4611989
2661016,26.3717503,-80.0750569
2834312,33.8686153,-118.0616487
2769515,26.141457,-81.796645
15241,39.8837723,-86.2517018
1964809,34.0529315,-118.2518765
1817261,33.6375715,-117.7228592
1972123,40.7550182,-73.9718457
2039703,32.8848383,-117.2128135
22797,41.886053,-87.6359543
2767906,36.0904847,-115.2086463
30390,26.120334,-80.140142
1056840,42.0794389,-88.3297764
2897809,36.0125384,-115.0621217
2536336,40.861113,-74.406611
13324,39.9611905,-76.7272968
13976,44.9862575,-93.403185
2147277,42.3511912,-71.0501018
491487,34.0958977,-84.2409687
22071,30.1705061,-95.4763911
2025109,38.9196496,-94.6478164
3022340,32.8484791,-117.2723115
3018103,40.7636433,-73.9726971
2944533,36.5910455,-82.1824523
2308192,34.1743144,-118.5941467
16341,33.7893934,-84.388618
2835253,40.3574937,-111.7779549
32239,32.9247903,-96.8169565
24645,42.7647132,-73.8172515
29657,44.8694285,-93.4037094
2665107,41.8775797,-87.6385711
2602591,29.7471132,-95.461645
1696099,33.8440304,-84.4275241
1023337,41.886053,-87.6359543
21624,44.8593333,-91.4541292
735060,39.7428771,-104.9868044
2218428,40.7482436,-73.9851073
3026056,40.7629384,-73.978958
2484686,42.0994413,-71.0585981
32422,40.7922859,-73.4658066
2292952,38.8802115,-77.1149873
1063138,29.7490993,-95.4572227
1955483,40.7392568,-74.0040549
2243725,35.1342404,-80.915157
1694078,45.4517651,-122.7930797
14713,40.2753177,-76.8977039
28591,42.5728445,-71.4129599
2040031,35.761876,-84.32906
2062765,30.4343976,-90.091285
2829609,42.3659601,-71.0909314
2415981,44.5152881,-88.0162054
2818767,48.7731693,-122.445014
2060759,40.872944,-74.0069641
828460,40.4420849,-79.9956257
607817,36.333462,-94.2005445
633076,42.4659198,-82.99484
1899182,40.6034607,-75.4687913
1584106,41.897641,-87.6433945
1925431,41.8071162,-88.0742735
481147,38.073574,-122.542489
15798,41.0261417,-73.5530772
922468,39.6013731,-104.8980971
2643104,29.7546513,-95.3598128
21705,35.8318156,-78.7851476
114,39.466166,-87.409383
25479,41.4738887,-90.5295486
28062,34.6552356,-118.1485199
20950,42.7094139,-87.7975433
19580,43.151408,-88.0517634
11888,39.8158845,-85.9942026
23149,40.7857318,-73.7306388
2041842,37.540923,-122.0633361
21423,41.051759,-81.526698
917947,40.325957,-74.4788535
2660892,39.6251994,-104.8970022
2006211,42.2921334,-71.199898
5076,40.934182,-72.3118265
2932936,29.9945839,-95.5736246
31,31.3165046,-89.4133597
2166724,40.757137,-73.9810339
24009,40.6520542,-74.6428697
1076659,37.7085155,-122.1842263
84,41.2948193,-84.3608039
2056222,37.3911837,-121.9338894
2964356,40.7623427,-73.9694002
26124,33.6956564,-117.8449714
2067289,39.4811542,-88.3721138
2295077,40.3770638,-111.7983536
197,40.8331468,-73.629291
3021122,34.0755626,-118.1227374
2044599,40.7629384,-73.978958
1261534,42.0497579,-87.9994788
9716,33.6972683,-117.8662617
2055831,42.363518,-71.0790258
30424,35.966258,-83.9205618
1709786,41.730686,-72.7984037
19657,33.8302995,-84.3425788
2058567,33.9782559,-118.4059044
625767,25.7524544,-80.2618392
1709807,40.7545475,-73.9745088
14571,41.8788764,-87.6359149
1700855,37.7932577,-122.3944272
10724,32.4567647,-96.9355901
1818108,34.1460377,-118.1419666
2719507,39.9543266,-86.1565918
3049858,42.3561119,-71.0582091
19810,36.0967361,-95.9190231
20270,42.9843911,-85.6761537
1971670,29.7798685,-82.4743247
2127521,37.4780109,-122.1415172
2840128,32.8783413,-96.9591125
8117,33.975325,-84.225311
17483,42.7278225,-87.7824249
10748,40.0043773,-75.2197653
796932,38.9416931,-77.3233786
24180,34.3125461,-118.4773533
460938,35.2256085,-80.8457662
1694747,38.6515821,-90.3429953
2817587,40.9248475,-73.7343166
30421,42.24867,-87.899539
1602333,40.757962,-73.9708356
1958905,38.9195003,-77.2196713
2230176,30.1609216,-95.45624
32126,40.2355799,-74.2721248
3041277,33.8787121,-118.0338866
3593,40.7382681,-73.9923705
2079930,37.5343099,-122.3312921
2577361,37.4734201,-121.937445
1055723,33.0393854,-96.8313314
2035856,32.9063557,-83.6881087
2172231,34.416577,-118.5751643
734294,32.9031308,-97.0871601
2150895,34.0057851,-118.1513082
2736747,40.2792132,-80.166755
2745329,42.6918081,-71.2030012
14689,37.3319276,-121.8925332
2256,25.7636109,-80.1891193
23923,30.3273412,-81.6607812
1659429,29.7384871,-95.539147
2930290,37.3511498,-121.9351339
32088,41.1016223,-80.6539379
2959363,32.9088233,-117.2395943
829,34.725884,-86.679868
2829242,42.3631836,-71.0907713
3061358,29.5231403,-95.1951924
9002,33.0742458,-96.8079829
639576,26.120334,-80.140142
650066,42.3564429,-71.0517885
3286,42.575727,-70.905115
11099,41.3862745,-73.4815486
2673390,32.7560187,-97.3304799
3184,33.5346147,-111.9264639
14441,45.0125812,-93.1901005
1067970,41.6599041,-91.5344434
2154435,37.4549796,-122.1669327
27823,37.9830355,-87.4607295
891084,38.9099348,-76.7185456
2722675,37.4109808,-121.9429559
20311,39.1237629,-84.356807
2152653,38.900983,-104.8726439
11444,30.2681186,-97.7845456
582507,37.6942526,-122.4068179
1914267,27.768807,-82.645174
2022908,33.9170796,-84.354513
2308094,35.615706,-84.259724
1948281,33.9816689,-84.520731
11826,42.7319437,-78.1361479
2546475,32.8604785,-96.9348219
29076,41.0559229,-73.5449463
1586717,40.2986829,-74.644339
2574107,40.7493238,-73.9759092
2622,43.3103241,-73.6459865
32157,42.1641428,-87.8784073
34144,32.8055096,-96.7923795
2550546,42.158355,-71.117408
926831,40.9192969,-74.0881116
1021650,41.886053,-87.6359543
2502547,33.0056862,-96.6888746
21497,40.6811366,-73.4086284
30201,34.9258924,-117.9372353
1879952,35.5985901,-82.552695
2058933,37.4828013,-122.1686624
2730343,42.4834571,-83.254491
3022442,30.3533568,-97.7966064
33985,39.9631011,-76.7246786
913664,43.0478228,-88.0527361
1651361,43.1309707,-88.2041083
1990089,39.6251234,-104.9011992
2528455,34.0615465,-118.4165385
23125,41.4502631,-81.5021186
28773,42.5474514,-84.8520692
1742858,39.7440063,-104.9889953
15800,43.0388018,-85.5890851
2670446,41.2561081,-95.9351415
550890,39.6032565,-104.8934081
1671123,36.09496,-80.2461589
1892151,30.1729394,-95.4699992
2925944,40.7533488,-73.9766668
10435,25.8015681,-80.3700694
2819652,33.9054525,-84.3600377
2687264,33.7989824,-84.388047
1933,33.8388578,-84.3724201
1051739,40.76211,-73.973069
1378795,38.895868,-77.069253
31815,40.1421111,-75.2869726
2589609,29.7863738,-95.6649404
2774053,33.6162753,-117.8711604
24848,29.6448755,-95.2554375
26170,39.6315467,-84.1804138
2231217,35.1014073,-89.8496832
1324393,40.6602341,-73.686768
2068647,34.0131574,-118.495576
1960,33.6704415,-117.8623243
2689596,36.0752797,-79.9056575
3028101,42.6929715,-71.2135398
32023,40.0431027,-75.5368088
15683,42.4017924,-71.2782918
835029,33.6697252,-117.8619581
23964,33.9229778,-118.3935807
32128,41.828686,-71.4318448
1717938,42.3536976,-71.0606409
1815524,40.7545475,-73.9745088
2070814,27.9997134,-82.7282655
1897609,34.0585322,-118.4428681
9662,25.836944,-80.1905578
24093,39.9493155,-75.1647924
1648806,34.3313863,-119.1250261
1101009,40.7637696,-73.975023
18445,40.0431778,-75.0004148
2648532,39.6240999,-84.214069
1875078,30.2643533,-97.7612369
2656442,29.7826053,-95.5365476
11582,38.2155967,-84.8646128
785698,39.2877608,-77.8600875
2797224,40.7654362,-73.9694267
2672940,29.782381,-95.5203133
921684,33.8064184,-117.8832321
2292,34.0162059,-118.4994273
2534691,41.8865829,-87.6291883
1654280,42.3098668,-71.3856699
3042040,40.7597394,-73.9768133
2155272,42.9861199,-83.6777251
2994875,42.3652028,-71.0810685
2077438,37.5403123,-122.0640977
2358351,33.8463953,-84.3561356
1697428,29.5960534,-95.6215642
1649242,40.0649164,-75.5323556
3018630,41.0292255,-73.6279572
2706439,29.7557923,-95.3639415
2043762,42.4915748,-71.1955287
2715158,42.373002,-71.118222
2994878,42.3749229,-71.2739645
6059,35.127344,-80.880559
1228,42.244467,-87.8932484
2278,42.4415955,-71.2631062
2935509,44.0958309,-87.6581515
494180,29.7383625,-95.4715145
20380,40.7064404,-74.0082375
1932148,27.6526025,-80.3626895
5745,32.9235987,-96.8164932
99,34.7453926,-92.3951659
922423,43.0581536,-76.1354833
1723637,41.0261759,-80.7615872
2911510,34.066658,-118.4092361
2991439,40.7626903,-73.9682642
2889849,37.4204832,-121.9637525
27918,36.06523,-119.0167679
565097,35.8346975,-78.6890655
1645253,33.1316051,-117.2714158
2639060,29.7445565,-95.4640406
782134,38.9271865,-77.220711
1001479,39.4818474,-88.3754505
5536,33.6564616,-117.7545172
2648036,40.7658748,-73.9700513
2648350,46.8775923,-96.7958644
2684418,34.0525613,-118.2627151
24165,33.7210295,-117.8021543
2061364,42.9794284,-90.1388236
647263,44.3896018,-68.2072389
82104,40.4819861,-86.1431632
2308922,40.756039,-73.9741415
2654897,32.9752647,-96.8247731
10788,39.1039961,-77.194974
850181,33.13609,-117.271487
633446,32.8735638,-117.2150185
2675483,41.294741,-73.820292
16168,36.528539,-80.63557
23817,40.7839294,-73.4435264
874,42.4093891,-71.2758206
22302,35.0512858,-80.7658091
2722677,29.7605707,-95.3662309
33519,26.3131488,-80.1912552
3005800,40.7612727,-73.9694526
1025169,37.7933515,-122.39373
21196,40.9627019,-74.0684741
14427,33.9071289,-84.3621273
1647390,40.686818,-111.8320551
2837352,40.7546905,-73.9711154
2298018,37.4049997,-121.9468666
25188,40.7127431,-74.0133795
3028108,31.28006,-92.4779573
624788,42.1379352,-72.550902
22802,44.86653,-93.422567
2058577,41.4076859,-75.6636185
884336,41.2419409,-96.0173681
2563750,36.1827092,-115.3105203
735005,42.6456556,-71.3116877
2287852,36.1171929,-115.1581138
6494,42.3493011,-71.0752547
9672,37.371644,-121.9253112
3021162,30.4502517,-91.1855182
2691304,38.8965065,-77.021587
2992532,37.6714272,-122.3892492
31618,42.8048205,-70.9097244
23595,37.7916858,-122.3956663
24768,47.7440308,-122.6394643
1734864,40.0231149,-105.2246977
2812896,37.693237,-122.4057559
2819543,42.3540486,-71.1075331
21526,40.7861279,-73.5462812
2642,39.6884194,-75.6365383
2236323,30.2038354,-97.7302778
1677474,39.9592482,-86.1565909
2993992,39.5418548,-104.8577753
2995500,42.3388685,-71.2527116
20504,42.3460968,-71.0814519
6914,33.9856377,-118.3961009
2381322,35.9370643,-83.9921227
25288,39.2473785,-119.9481026
13313,38.9271865,-77.220711
6149,32.9449337,-96.8256687
884342,41.702989,-73.9271419
2665616,29.788214,-95.600371
2646954,37.6545076,-122.4341725
2121176,42.4182896,-71.2586514
733099,32.2987922,-90.1839263
2829220,41.8854872,-87.6329058
17077,29.7589553,-95.4544385
2494005,42.8581565,-70.9309591
2651466,34.0510935,-118.4602088
14213,32.924056,-96.8173061
22794,41.886053,-87.6359543
2438354,30.2648055,-97.7798032
2302897,42.3593857,-71.0513553
22781,41.886053,-87.6359543
2717818,40.8339748,-73.8506819
20248,29.7086443,-95.5624663
3039159,40.7068657,-74.0097069
1659620,38.791111,-104.848461
2121193,40.7783476,-81.3956564
14325,42.1435428,-76.8225699
2301444,33.1284637,-117.3173901
465870,40.8276349,-73.6863169
2447,29.5990048,-95.6286271
